avg_lst,max_lst,centroid_lon,centroid_lat
222.32,255,13.64208085642839,52.34596646631405
228.98,255,13.65308777449298,52.34609246256378
220.7,223,13.647346691732398,52.35381335523162
244.43,255,13.658355582798531,52.35393887398777
220.77,223,13.641603588018063,52.36153394531043
226.62,255,13.652614371824637,52.361660011921465
255.0,255,13.663625236657229,52.36178505290598
221.58,222,13.646871139295738,52.36938084732962
243.89,255,13.657883897915502,52.36950643618561
255.0,255,13.668896737279765,52.369630999120254
255.0,255,13.679909656727006,52.36975453611639
174.81,255,13.690922655595667,52.36987704715697
207.54,222,13.608082418086038,52.37671681189759
226.12,255,13.65214053701745,52.37722751700323
254.99,255,13.66315527121627,52.37735262782589
255.0,255,13.674170085877709,52.377476712432326
247.11,255,13.685184980339821,52.37759977080543
120.82,255,13.696199953940638,52.37772180292822
221.33,223,13.393036505020936,52.38177486733784
221.54,223,13.404051092611969,52.38192413063338
221.3,223,13.415065776270241,52.38207236786943
205.95,223,13.602329455560607,52.384435394517496
221.6,223,13.613345755268563,52.38456515932357
220.86,222,13.624362138468204,52.38469389770587
219.61,222,13.635378604497328,52.38482160964661
220.24,223,13.6463951526937,52.384948295128176
242.24,255,13.657411782395053,52.385073954133105
255.0,255,13.668428492939096,52.38519858664404
255.0,255,13.679445283663503,52.38532219264379
188.34,255,13.69046215390591,52.38544477211531
207.84,223,13.376229212198059,52.38933180663085
221.7,223,13.38724558998317,52.38948265108522
221.4,223,13.398262064886788,52.38963246922483
221.76,223,13.409278636247004,52.38978126102901
221.62,223,13.42029530340188,52.389929026477226
218.67,223,13.54148477520172,52.391486701185116
221.84,223,13.552502540248058,52.39162214881214
221.42,223,13.563520392480598,52.39175656982922
222.22,223,13.574538331236912,52.39188996421779
221.81,223,13.585556355854537,52.39202233195946
221.9,223,13.596574465670985,52.39215367303593
194.65,223,13.607592660023728,52.392283987429124
221.94,223,13.61861093825021,52.39241327512101
222.04,223,13.629629299687844,52.39254153609377
221.29,223,13.640647743674005,52.39266877032971
224.84,255,13.651666269546046,52.39279497781128
254.83,255,13.662684876641283,52.39292015852103
255.0,255,13.673703564297002,52.3930443124417
250.33,255,13.684722331850459,52.39316743955616
140.67,255,13.69574117863888,52.393289539847416
208.27,222,13.370434368361854,52.39703872501933
220.69,223,13.381452633727605,52.397190124889455
221.95,222,13.392470996602047,52.397340498168894
221.82,223,13.403489456322893,52.3974898448369
215.03,223,13.414508012227818,52.39763816487287
221.28,223,13.480621330428237,52.398506524679505
221.02,222,13.49164054107357,52.398647657725995
220.1,222,13.546737944309587,52.3993379206964
222.07,223,13.557757690319674,52.39947289270469
221.61,223,13.56877752323757,52.39960683780725
221.99,223,13.579797442400427,52.39973975598561
221.34,222,13.590817447145367,52.399871647221374
220.74,222,13.601837536809484,52.40000251149638
219.39,223,13.612857710729827,52.40013234879255
199.61,223,13.623877968243423,52.40026115909198
203.4,222,13.63489830868727,52.40038894237685
220.33,223,13.645918731398323,52.40051569862955
240.38,255,13.656939235713518,52.400641427832575
255.0,255,13.667959820969749,52.40076612996856
255.0,255,13.678980486503889,52.400889805020306
200.78,255,13.690001231652774,52.40101245297073
147.97,154,13.701022055753214,52.4011340738029
196.95,255,13.712042958141986,52.401254667500034
255.0,255,13.72306393815584,52.40137423404548
209.27,223,13.122220211372731,52.401142556827224
214.25,222,13.133238043613671,52.4013170979184
221.11,223,13.144255988322893,52.401490612637026
199.83,223,13.155274044838597,52.401663100959155
206.1,222,13.309538205032966,52.403970152764884
215.84,223,13.320557859201932,52.4041272423625
220.14,223,13.353617426331587,52.40459235050712
213.57,223,13.364637481373983,52.40474533293461
212.01,223,13.375657634978337,52.40489728851641
221.84,223,13.386677886482012,52.40504821723157
221.76,223,13.397698235222336,52.40519811905923
219.57,222,13.408718680536603,52.405346993978725
221.78,223,13.485864446131602,52.40636036327781
220.99,222,13.496885640175522,52.40650102220395
221.65,223,13.507906924827381,52.40664065404205
222.09,223,13.518928299424116,52.406779258772836
221.14,223,13.52994976330263,52.40691683637717
221.51,222,13.540971315799789,52.40705338683606
220.66,223,13.55199295625243,52.40718891013066
221.27,223,13.56301468399735,52.40732340624223
221.7,223,13.574036498371322,52.40745687515222
221.73,223,13.585058398711078,52.40758931684221
221.65,223,13.596080384353321,52.40772073129392
221.71,223,13.607102454634722,52.40785111848917
221.62,223,13.618124608891918,52.40798047840998
211.57,223,13.629146846461515,52.408108811038495
209.58,223,13.640169166680087,52.40823611635698
221.25,255,13.65119156888418,52.408362394347854
254.53,255,13.662214052410302,52.408487644993706
255.0,255,13.673236616594936,52.40861186827721
253.59,255,13.684259260774535,52.40873506418123
159.38,255,13.695281984285518,52.40885723268874
156.44,255,13.706304786464274,52.40897837378289
249.07,255,13.717327666647162,52.40909848744694
255.0,255,13.728350624170517,52.409217573664286
198.66,223,13.116379823943825,52.40883655219757
220.93,223,13.12739953638117,52.40901165534805
220.82,222,13.138419361686267,52.40918573185179
219.55,222,13.149439299196944,52.40935878168475
219.78,223,13.16045934825097,52.40953080482304
201.4,222,13.171479508186092,52.40970180124293
201.28,222,13.259644699901033,52.411032807936834
204.62,222,13.270665827957288,52.41119456284592
220.81,222,13.281687060269736,52.41135529080695
199.28,223,13.303729835012316,52.411673665796194
208.13,222,13.314751376116908,52.41183131278044
220.16,222,13.325773018826611,52.41198793272873
221.32,222,13.336794762478554,52.41214352561942
218.75,223,13.347816606409838,52.41229809143102
195.25,223,13.358838549957513,52.4124516301422
207.75,222,13.3698605924586,52.412604141731755
205.72,223,13.380882733250083,52.41275562617865
202.05,223,13.3919049716689,52.41290608346195
221.63,223,13.402927307051964,52.41305551356087
208.52,223,13.413949738736141,52.413203916454805
221.71,223,13.424972266058267,52.413351292123245
221.47,223,13.480086314024762,52.414072761375806
221.88,223,13.491109401246066,52.41421397326892
221.45,223,13.502132579462153,52.41435415779706
222.35,223,13.51315584800957,52.41449331494088
221.7,223,13.524179206224835,52.414631444681135
221.44,223,13.535202653444431,52.414768546998786
221.94,223,13.546226189004805,52.41490462187489
221.52,222,13.557249812242372,52.41503966929065
221.1,223,13.568273522493513,52.4151736892274
220.97,222,13.579297319094579,52.415306681666664
221.87,223,13.590321201381885,52.41543864659003
221.9,223,13.60134516869171,52.41556958397933
221.93,223,13.61236922036031,52.41569949381642
220.97,223,13.623393355723904,52.4158283760834
203.16,222,13.634417574118677,52.41595623076244
219.18,223,13.645441874880785,52.4160830578359
238.37,255,13.656466257346352,52.41620885728626
255.0,255,13.667490720851475,52.41633362909613
255.0,255,13.678515264732214,52.4164573732483
211.12,255,13.6895398883246,52.41658008972565
166.11,172,13.700564590964635,52.41670177851126
200.41,255,13.711589371988296,52.416822439588294
255.0,255,13.72261423073152,52.41694207294009
201.14,255,13.099515897086476,52.416353537692
221.98,223,13.110537376438531,52.41653023009587
220.58,222,13.121558969720775,52.41670589560301
220.17,223,13.132580676270694,52.41688053418916
220.73,223,13.143602495425728,52.41705414583019
218.86,223,13.154624426523275,52.41722673050215
220.72,222,13.165646468900693,52.41739828818122
220.4,223,13.176668621895297,52.4175688188437
219.78,222,13.187690884844356,52.417738322466036
205.91,222,13.198713257085103,52.417906799024834
203.74,223,13.209735737954725,52.41807424849684
221.27,223,13.253826734464319,52.41873377505661
221.26,223,13.264849748534724,52.41889608875065
221.88,223,13.275872867256282,52.41905737522129
221.35,223,13.2868960899659,52.41921763444625
220.05,222,13.297919416000443,52.41937686640342
221.39,222,13.308942844696743,52.41953507107079
191.32,223,13.31996637539158,52.419692248426514
218.95,222,13.33099000742171,52.419848398448906
220.76,222,13.342013740123843,52.42000352111638
206.53,222,13.35303757283465,52.42015761640752
212.33,223,13.364061504890767,52.42031068430106
221.53,223,13.375085535628791,52.42046272477584
221.87,222,13.386109664385284,52.42061373781086
221.68,222,13.397133890496768,52.420763723385264
210.69,222,13.408158213299727,52.42091268147836
221.09,222,13.41918263213061,52.42106061206956
221.81,222,13.430207146325833,52.42120751513842
215.01,222,13.441231755221771,52.421353390664656
195.85,223,13.45225645815476,52.42149823862814
221.56,223,13.463281254461112,52.42164205900883
221.11,222,13.474306143477092,52.42178485178688
220.92,238,13.485331124538936,52.42192661694257
226.2,238,13.496356196982841,52.42206735445631
222.55,238,13.507381360144976,52.42220706430866
225.38,238,13.518406613361465,52.42234574648033
224.51,238,13.529431955968409,52.422483400952146
218.21,238,13.540457387301869,52.42262002770511
223.44,238,13.551482906697872,52.42275562672033
222.89,239,13.562508513492414,52.422890197979086
221.93,239,13.573534207021458,52.423023741462785
219.67,222,13.584559986620931,52.42315625715298
221.55,223,13.59558585162673,52.42328774503135
222.1,223,13.606611801374719,52.42341820507976
221.83,222,13.617637835200728,52.42354763728016
221.08,223,13.62866395244056,52.42367604161467
200.53,223,13.63969015242998,52.42380341806557
223.53,255,13.650716434504726,52.423929766615245
253.85,255,13.661742798000502,52.42405508724623
255.0,255,13.672769242252985,52.42417937994122
254.83,255,13.683795766597818,52.42430264468306
175.6,255,13.694822370370611,52.424424881454705
171.62,255,13.705849052906954,52.42454609023925
236.0,255,13.716875813542396,52.42466627101996
217.13,255,13.727902651612462,52.42478542378023
204.87,222,13.115716342350483,52.424399818445714
220.51,223,13.12673993079432,52.42457501941171
220.9,223,13.137763632243258,52.42474919315821
220.3,223,13.14878744603432,52.42492233966118
220.82,223,13.159811371504475,52.4250944588967
220.37,238,13.170835407990662,52.42526555084099
223.75,238,13.181859554829769,52.42543561547044
222.93,237,13.192883811358648,52.42560465276154
224.55,238,13.203908176914103,52.42577266269099
223.89,237,13.214932650832901,52.42593964523554
223.54,237,13.225957232451766,52.42610560037214
224.57,237,13.236981921107384,52.426270528077865
224.8,238,13.2480067161364,52.426434428329955
224.55,238,13.259031616875413,52.426597301105744
220.5,223,13.270056622660988,52.42675914638275
220.86,223,13.281081732829648,52.42691996413861
220.02,222,13.292106946717876,52.42707975435114
220.95,223,13.303132263662118,52.42723851699822
221.26,223,13.314157682998777,52.42739625205797
206.58,222,13.325183204064219,52.427552959508546
214.44,223,13.336208826194774,52.42770863932835
219.85,223,13.34723454872673,52.42786329149585
200.97,222,13.358260370996337,52.42801691598968
221.48,223,13.369286292339808,52.42816951278863
222.02,223,13.380312312093322,52.42832108187161
221.3,223,13.391338429593015,52.4284716232177
221.01,223,13.402364644174988,52.42862113680608
221.35,237,13.413390955175304,52.428769622616095
220.23,223,13.424417361929994,52.42891708062724
200.88,223,13.435443863775049,52.429063510819134
209.11,223,13.446470460046422,52.42920891317156
221.33,223,13.457497150080032,52.42935328766442
221.66,223,13.468523933211769,52.429496634277754
219.6,222,13.479550808777473,52.42963895299178
222.79,238,13.490577776112962,52.42978024378681
188.02,238,13.501604834554017,52.42992050664334
190.0,239,13.512631983436378,52.43005974154199
196.4,239,13.523659222095755,52.43019794846351
190.47,239,13.534686549867827,52.43033512738881
196.14,238,13.54571396608823,52.43047127829892
200.16,238,13.556741470092575,52.43060640117505
207.2,238,13.567769061216442,52.43074049599851
221.59,223,13.578796738795363,52.43087356275079
221.3,223,13.589824502164854,52.43100560141347
221.44,222,13.60085235066039,52.43113661196831
221.68,222,13.611880283617413,52.43126659439725
211.34,222,13.622908300371336,52.431395548682275
203.38,223,13.63393640025754,52.43152347480559
199.85,223,13.644964582611372,52.431650372749516
225.58,255,13.65599284676815,52.43177624249649
255.0,255,13.66702119206316,52.43190108402914
255.0,255,13.67804961783166,52.43202489733022
219.02,255,13.689078123408871,52.432147682382585
182.89,188,13.700106708129987,52.43226943916932
204.78,255,13.711135371330176,52.43239016767353
255.0,255,13.72216411234457,52.43250986787858
255.0,255,13.733192930508274,52.432628539767904
196.32,223,13.120897123974437,52.43226918728181
221.16,223,13.13192270836698,52.4324439234313
220.41,222,13.1429484055017,52.43261763206273
219.87,223,13.153974214715191,52.43279031315211
220.58,223,13.165000135344007,52.43296196667559
226.56,239,13.176026166724654,52.43313259260946
179.52,239,13.187052308193602,52.43330219093015
170.64,238,13.198078559087277,52.43347076161421
186.44,238,13.20910491874206,52.43363830463837
183.89,238,13.220131386494296,52.43380481997948
179.47,238,13.231157961680285,52.433970307614544
185.32,238,13.24218464363629,52.434134767520675
185.7,238,13.253211431698533,52.43429819967517
216.37,238,13.26423832520319,52.434460604055445
220.25,223,13.275265323486403,52.43462198063906
223.34,237,13.286292425884271,52.434782329403724
201.44,237,13.29731963173286,52.43494165032726
193.75,238,13.308346940368185,52.435099943387684
195.88,238,13.319374351126232,52.43525720856311
194.19,238,13.330401863342946,52.435413445831806
196.5,238,13.341429476354229,52.43556865517219
192.31,238,13.352457189495949,52.4357228365628
171.3,239,13.363485002103937,52.43587598998234
195.78,246,13.374512913513982,52.43602811540966
179.82,246,13.385540923061837,52.43617921282371
182.93,237,13.396569030083223,52.436329282203644
177.85,238,13.407597233913814,52.43647832352869
204.31,237,13.418625533889255,52.43662633677827
206.12,223,13.429653929345152,52.43677332193193
219.36,222,13.440682419617076,52.43691927896935
221.14,223,13.451711004040558,52.43706420787035
221.49,223,13.4627396819511,52.43720810861492
220.98,223,13.47376845268416,52.437350981183165
220.21,223,13.48479731557517,52.43749282555532
217.83,221,13.495826269959517,52.43763364171182
220.13,223,13.506855315172565,52.43777342963316
219.51,223,13.517884450549634,52.43791218930005
220.24,223,13.528913675426011,52.438049920693295
221.76,223,13.539942989136954,52.43818662379386
221.45,222,13.55097239101768,52.43832229858286
221.85,222,13.562001880403383,52.438456945041544
221.68,223,13.57303145662921,52.43859056315129
222.11,223,13.584061119030286,52.43872315289361
222.37,223,13.595090866941703,52.43885471425021
221.87,223,13.606120699698511,52.43898524720289
220.43,223,13.617150616635739,52.43911475173361
221.47,223,13.628180617088374,52.43924322782446
221.27,223,13.639210700391379,52.43937067545769
194.53,255,13.650240865879685,52.439497094615675
253.19,255,13.661271112888185,52.43962248528094
255.0,255,13.672301440751749,52.43974684743615
255.0,255,13.68333184880521,52.43987018106412
190.28,255,13.694362336383374,52.43999248614779
186.47,255,13.70539290282102,52.44011376267026
243.07,255,13.716423547452887,52.44023401061476
255.0,255,13.727454269613693,52.44035322996466
254.9,255,13.738485068638125,52.44047142070349
206.37,223,13.126079722513465,52.4401383364119
200.96,223,13.13710730364215,52.44031260746938
192.2,223,13.148134997249727,52.44048585071019
221.7,223,13.15916280267237,52.44065806611036
222.18,223,13.170190719246207,52.440829253646086
220.74,238,13.181218746307321,52.440999413293724
220.03,236,13.192246883191759,52.44116854502976
220.69,237,13.203275129235518,52.441336648830834
220.13,237,13.214303483774561,52.441503724673694
220.71,238,13.22533194614481,52.44166977253525
221.6,223,13.236360515682138,52.44183479239258
221.96,223,13.247389191722387,52.441998784222854
221.56,223,13.258417973601354,52.44216174800342
221.97,223,13.269446860654792,52.44232368371176
221.18,223,13.28047585221842,52.44248459132548
221.3,236,13.291504947627917,52.44264447082235
217.66,236,13.30253414621892,52.44280332218028
217.5,237,13.313563447327024,52.4429611453773
204.21,237,13.324592850287795,52.443117940391616
217.93,238,13.335622354436751,52.44327370720153
222.62,238,13.346651959109373,52.44342844578553
221.59,237,13.357681663641108,52.44358215612222
204.64,239,13.368711467367362,52.443734838190366
227.48,246,13.379741369623504,52.443886491968854
225.2,246,13.390771369744861,52.44403711743672
213.59,238,13.401801467066734,52.444186714573135
209.99,238,13.412831660924379,52.44433528335743
222.64,238,13.423861950653015,52.44448282376909
218.51,222,13.434892335587824,52.444629335787674
218.35,222,13.445922815063955,52.44477481939296
219.65,222,13.456953388416524,52.44491927456483
220.32,222,13.467984054980604,52.4450627012833
219.31,223,13.479014814091236,52.44520509952856
221.08,223,13.490045665083427,52.44534646928091
220.05,222,13.501076607292148,52.445486810520826
221.23,222,13.512107640052335,52.445626123228884
221.15,223,13.523138762698888,52.44576440738582
221.3,223,13.534169974566678,52.445901662972545
222.11,223,13.545201274990537,52.446037889970064
222.02,223,13.556232663305265,52.44617308835953
221.98,223,13.567264138845628,52.44630725812227
222.14,223,13.578295700946363,52.44644039923973
222.17,223,13.589327348942165,52.44657251169348
213.71,223,13.600359082167708,52.44670359546528
219.33,222,13.611390899957625,52.44683365053701
210.95,223,13.622422801646518,52.44696267689065
206.93,222,13.633454786568963,52.44709067450839
211.46,222,13.644486854059494,52.44721764337252
236.32,255,13.655519003452625,52.447343583465475
255.0,255,13.66655123408283,52.447468494769865
255.0,255,13.677583545284557,52.4475923772684
225.51,255,13.688615936392221,52.44771523094395
197.35,201,13.69964840674021,52.44783705577953
209.38,255,13.710680955662877,52.44795785175829
255.0,255,13.72171358249455,52.448077618863515
255.0,255,13.732746286569519,52.448196357078665
238.27,255,13.743779067222057,52.44831406638732
219.83,223,13.120234673398429,52.44783243186225
221.64,222,13.131264139171533,52.44800726564355
221.69,222,13.142293717824105,52.448181071333444
205.34,223,13.153323408691932,52.448353848907914
195.57,222,13.16435321111076,52.44852559834308
221.22,222,13.175383124416296,52.4486963196152
220.72,222,13.186413147944196,52.44886601270069
220.25,223,13.19744328103008,52.44903467757608
221.37,223,13.208473523009532,52.44920231421805
221.02,223,13.21950387321808,52.44936892260345
221.36,223,13.230534330991226,52.44953450270921
220.76,223,13.241564895664421,52.44969905451249
218.87,223,13.252595566573081,52.44986257799052
220.78,223,13.263626343052579,52.450025073120685
221.74,223,13.274657224438243,52.450186539880534
221.7,223,13.285688210065375,52.45034697824774
221.05,223,13.296719299269224,52.45050638820012
203.46,222,13.307750491385008,52.450664769715644
199.01,220,13.318781785747897,52.4508221227724
219.25,222,13.32981318169303,52.45097844734865
220.9,222,13.34084467855551,52.45113374342279
220.89,222,13.35187627567039,52.45128801097332
220.95,222,13.362907972372694,52.45144124997892
183.31,222,13.373939767997406,52.45159346041841
220.1,222,13.384971661879472,52.45174464227075
217.52,223,13.396003653353802,52.45189479551501
184.64,223,13.407035741755266,52.45204392013045
203.44,222,13.418067926418699,52.45219201609645
220.34,222,13.429100206678898,52.45233908339253
220.73,222,13.440132581870628,52.45248512199835
220.7,222,13.451165051328612,52.45263013189372
221.11,222,13.462197614387545,52.45277411305858
222.14,223,13.473230270382075,52.45291706547304
221.62,223,13.484263018646825,52.453058989117295
220.54,222,13.495295858516377,52.453199883971756
220.36,223,13.506328789325282,52.45333975001693
220.26,222,13.517361810408055,52.45347858723345
221.61,223,13.528394921099174,52.45361639560214
220.95,223,13.539428120733087,52.453753175103934
221.55,223,13.550461408644205,52.453888925719916
221.3,223,13.561494784166909,52.45402364743133
221.83,223,13.57252824663554,52.45415734021952
221.06,223,13.58356179538442,52.45429000406598
215.81,223,13.594595429747818,52.454421638952404
193.31,223,13.605629149059986,52.45455224486056
204.84,223,13.61666295265514,52.45468182177239
218.2,223,13.627696839867461,52.45481036966997
220.93,222,13.6387308100311,52.45493788853553
221.0,255,13.649764862480179,52.455064378351416
252.09,255,13.660798996548783,52.45518983910014
255.0,255,13.671833211570968,52.455314270764354
255.0,255,13.682867506880765,52.455437673326834
201.74,255,13.693901881812167,52.45556004677053
233.56,255,13.715970867875617,52.45580170623394
205.51,222,13.114387559736716,52.455526209544445
220.29,222,13.125418910804854,52.4557016063474
221.41,222,13.136450375153478,52.455875974784206
221.69,222,13.147481952118001,52.45604931483075
221.49,222,13.158513641033784,52.45622162646306
209.25,222,13.169545441236146,52.45639290965734
214.28,223,13.18057735206037,52.45656316438987
220.41,223,13.19160937284169,52.45673239063713
221.07,222,13.2026415029153,52.45690058837573
220.92,222,13.213673741616356,52.4570677575824
212.64,223,13.224706088279966,52.45723389823403
204.04,223,13.235738542241208,52.457399010307654
215.5,223,13.246771102835107,52.457563093780415
218.56,223,13.257803769396656,52.45772614862966
213.69,223,13.2688365412608,52.45788817483282
205.3,223,13.279869417762452,52.45804917236749
198.4,223,13.290902398236481,52.45820914121142
194.2,222,13.30193548201772,52.45836808134246
207.6,221,13.312968668440956,52.45852599273867
219.16,221,13.324001956840942,52.458682875378166
219.74,222,13.335035346552392,52.4588387292393
220.77,222,13.346068836909978,52.458993554300484
221.04,222,13.357102427248341,52.45914735054032
197.68,221,13.368136116902077,52.45930011793753
214.65,222,13.379169905205744,52.45945185647099
221.47,223,13.390203791493871,52.45960256611972
220.6,223,13.40123777510094,52.459752246862855
207.91,222,13.4122718553614,52.45990089867971
205.14,223,13.423306031609664,52.46004852154973
220.61,222,13.434340303180107,52.46019511545248
219.6,223,13.445374669407068,52.46034068036769
210.72,222,13.456409129624852,52.46048521627523
210.58,222,13.467443683167726,52.4606287231551
221.58,223,13.478478329369922,52.46077120098746
221.72,223,13.489513067565635,52.460912649752586
220.75,223,13.50054789708903,52.461053069430925
220.55,223,13.511582817274233,52.46119246000305
215.56,222,13.522617827455337,52.46133082144967
202.1,223,13.533652926966399,52.46146815375166
205.03,223,13.544688115141446,52.46160445689001
219.38,223,13.555723391314467,52.46173973084588
219.56,222,13.56675875481942,52.461873975600525
212.69,223,13.577794204990226,52.462007191135406
208.35,223,13.588829741160781,52.462139377432074
212.2,222,13.599865362664941,52.46227053447225
203.5,223,13.610901068836533,52.46240066223778
221.46,223,13.621936859009349,52.46252976071067
221.54,223,13.632972732517153,52.462657829873066
221.34,222,13.644008688693672,52.462784869707235
235.61,255,13.65504472687261,52.46291088019561
255.0,255,13.666080846387628,52.46303586132074
255.0,255,13.677117046572366,52.46315981306534
229.88,255,13.68815332676043,52.46328273541227
212.89,255,13.710226124480805,52.46352549184521
205.42,223,13.11957161725624,52.46339562934303
221.74,223,13.13060496795214,52.46357056082468
221.35,223,13.141638431665024,52.463744463641184
222.0,223,13.152672007729878,52.46391733776849
222.01,223,13.163705695481635,52.464089183182686
196.96,223,13.174739494255196,52.46425999986003
195.06,222,13.185773403385411,52.464429787776865
199.06,223,13.196807422207097,52.46459854690971
199.81,223,13.20784155005502,52.46476627723525
203.87,223,13.21887578626391,52.46493297873027
213.91,223,13.229910130168454,52.465098651371704
219.37,222,13.2409445811033,52.46526329513666
214.11,223,13.251979138403051,52.46542691000234
201.68,222,13.263013801402277,52.46558949594614
213.27,222,13.274048569435498,52.465751052945556
200.84,222,13.285083441837205,52.46591158097823
218.16,223,13.29611841794184,52.46607108002197
219.04,221,13.307153497083807,52.466229550054734
217.8,220,13.318188678597478,52.46638699105456
218.53,221,13.329223961817181,52.46654340299969
220.07,221,13.340259346077204,52.46669878586848
219.7,221,13.351294830711794,52.466853139639454
198.54,221,13.36233041505517,52.46700646429123
213.0,222,13.373366098441505,52.46715875980262
219.57,222,13.384401880204935,52.46731002615253
220.38,223,13.395437759679561,52.467460263320056
212.85,223,13.406473736199445,52.467609471284405
202.71,222,13.417509809098613,52.467757650024936
219.99,222,13.428545977711051,52.46790479952114
206.26,222,13.439582241370719,52.46805091975268
196.38,222,13.450618599411527,52.4681960106993
206.16,222,13.461655051167357,52.468340072340965
195.99,222,13.472691595972057,52.468483104657714
189.18,222,13.483728233159432,52.468625107629784
187.8,223,13.494764962063261,52.46876608123749
212.85,222,13.50580178201728,52.468906025461365
202.88,223,13.516838692355195,52.46904494028202
195.83,222,13.527875692410674,52.46918282568023
210.94,223,13.53891278151736,52.46931968163693
199.26,223,13.549949959008849,52.46945550813319
206.86,223,13.560987224218712,52.46959030515019
209.92,223,13.572024576480485,52.46972407266929
214.69,223,13.58306201512767,52.46985681067198
221.55,223,13.594099539493737,52.46998851913988
220.16,223,13.605137148912121,52.470119198054775
220.17,222,13.616174842716228,52.47024884739859
220.64,222,13.627212620239428,52.47037746715335
220.75,223,13.638250480815065,52.47050505730129
221.61,255,13.649288423776445,52.47063161782473
251.13,255,13.660326448456848,52.47075714870616
255.0,255,13.671364554189518,52.470881649928224
197.63,222,13.124757494933506,52.47126482921691
221.56,222,13.135792846046577,52.47143929510141
222.0,222,13.14682830991277,52.4716127320217
220.96,223,13.157863885866648,52.47178513995375
222.12,223,13.168899573242719,52.471956518873746
200.01,223,13.179935371375453,52.47212686875797
221.19,222,13.190971279599284,52.472296189582856
221.47,223,13.202007297248594,52.472464481324955
221.8,223,13.213043423657728,52.47263174396104
220.79,223,13.224079658160996,52.47279797746791
220.35,222,13.235116000092653,52.472963181822614
221.07,223,13.246152448786923,52.47312735700225
220.55,223,13.25718900357799,52.473290502984135
215.9,222,13.26822566379999,52.4734526197457
220.72,222,13.279262428787028,52.47361370726449
216.48,223,13.290299297873164,52.47377376551824
191.3,223,13.301336270392419,52.47393279448478
218.53,221,13.312373345678774,52.47409079414212
217.07,221,13.323410523066173,52.4742477644684
202.29,223,13.334447801888519,52.4744037054419
199.89,223,13.345485181479678,52.47455861704103
183.85,221,13.356522661173479,52.47471249924436
210.33,221,13.367560240303705,52.47486535203059
219.69,222,13.378597918204113,52.47501717537858
218.0,221,13.389635694208414,52.47516796926731
198.14,222,13.400673567650284,52.47531773367593
206.0,221,13.411711537863365,52.47546646858369
209.63,222,13.422749604181254,52.475614173970015
200.97,222,13.433787765937522,52.47576084981446
208.06,223,13.444826022465696,52.47590649609674
220.1,223,13.455864373099269,52.476051112796696
218.7,222,13.466902817171698,52.476194699894286
198.46,222,13.477941354016409,52.47633725736967
220.26,223,13.488979982966782,52.4764787852031
221.1,223,13.500018703356174,52.476619283374994
210.77,221,13.5110575145179,52.4767587518659
219.92,223,13.52209641578524,52.47689719065652
209.02,223,13.533135406491446,52.477034599727695
213.63,222,13.54417448596973,52.4771709790604
220.15,223,13.555213653553272,52.477306328635756
222.18,223,13.566252908575217,52.47744064843503
221.55,223,13.57729225036868,52.47757393843963
219.92,222,13.588331678266744,52.47770619863112
220.9,222,13.599371191602451,52.47783742899117
219.95,222,13.610410789708817,52.47796762950162
220.79,223,13.64353008598155,52.47835205175587
215.11,222,13.129945193975365,52.47913380897344
210.05,223,13.140982546295332,52.47930780898479
222.01,223,13.152020011104204,52.47948077973278
221.89,223,13.163057587736114,52.47965272119345
203.01,223,13.174095275525149,52.47982363334302
219.13,222,13.185133073805352,52.47999351615783
221.38,223,13.196170981910727,52.48016236961439
220.14,222,13.207208999175238,52.480330193689305
221.96,223,13.218247124932798,52.48049698835937
221.74,222,13.229285358517293,52.4806627536015
220.73,223,13.240323699262557,52.48082748939275
220.08,223,13.25136214650239,52.48099119571032
219.84,223,13.26240069957054,52.48115387253157
219.17,223,13.27343935780073,52.481315519833956
217.87,221,13.284478120526634,52.48147613759512
214.2,222,13.295516987081887,52.481635725792856
202.9,221,13.306555956800088,52.48179428440504
220.23,222,13.31759502901479,52.48195181340973
200.1,222,13.328634203059519,52.48210831278515
209.44,221,13.339673478267745,52.48226378250961
217.72,220,13.350712853972915,52.482418222561606
206.99,221,13.361752329508429,52.48257163291976
178.44,221,13.372791904207656,52.48272401356283
192.93,222,13.383831577403916,52.48287536446973
192.35,222,13.394871348430506,52.48302568561949
204.51,222,13.405911216620673,52.483174976991336
189.8,221,13.416951181307633,52.48332323856457
199.7,221,13.427991241824568,52.483470470318686
220.42,222,13.439031397504616,52.4836166722333
220.59,223,13.450071647680884,52.48376184428816
220.35,222,13.461111991686444,52.483905986463185
203.95,222,13.472152428854328,52.48404909873841
213.31,223,13.483192958517535,52.48419118109403
222.06,223,13.494233580009025,52.484332233510365
221.09,223,13.505274292661733,52.4844722559679
220.86,222,13.51631509580855,52.48461124844723
221.31,223,13.527355988782334,52.484749210929124
210.71,223,13.53839697091591,52.48488614339448
209.57,223,13.549438041542071,52.485022045824344
218.88,222,13.560479199993573,52.48515691819989
220.56,223,13.57152044560314,52.48529076050244
221.6,223,13.582561777703463,52.485423572713465
221.68,223,13.5936031956272,52.4855553548146
221.67,223,13.604644698706975,52.48568610678756
221.08,223,13.615686286275384,52.48581582861427
200.8,223,13.146174069906454,52.48717610228192
222.05,223,13.157213536447689,52.487348606581406
221.87,223,13.168253114546957,52.487520081294406
194.47,238,13.17929280353792,52.4876905263972
224.07,238,13.190332602754198,52.48785994186617
224.72,238,13.201372511529367,52.488028327677874
223.67,239,13.212412529196966,52.48819568380901
223.24,239,13.223452655090483,52.48836201023639
218.83,238,13.234492888543373,52.48852730693702
210.23,237,13.24553322888905,52.48869157388801
215.14,237,13.256573675460885,52.4888548110666
214.31,238,13.267614227592206,52.48901701845021
215.14,237,13.278654884616307,52.48917819601639
207.36,238,13.289695645866436,52.48933834374281
208.53,239,13.300736510675804,52.4894974616073
206.59,238,13.311777478377586,52.48965554958782
202.81,236,13.322818548304909,52.489812607662515
208.83,238,13.33385971979087,52.48996863580961
225.08,237,13.344900992168524,52.49012363400753
224.75,237,13.355942364770888,52.490277602234784
222.78,237,13.366983836930935,52.490430540470086
220.87,238,13.378025407981609,52.49058244869222
222.03,238,13.389067077255813,52.490733326880196
206.54,238,13.400108844086413,52.49088317501309
203.75,238,13.411150707806232,52.49103199307018
200.07,237,13.422192667748067,52.49117978103083
223.9,238,13.433234723244668,52.491326538874596
221.33,222,13.444276873628759,52.49147226658115
221.81,223,13.455319118233014,52.49161696413031
204.54,223,13.466361456390084,52.49176063150204
210.17,223,13.477403887432578,52.491903268676445
221.84,223,13.488446410693072,52.49204487563378
221.97,223,13.499489025504106,52.49218545235442
221.74,223,13.510531731198183,52.492324998818916
221.0,222,13.521574527107774,52.492463515007906
220.01,223,13.532617412565315,52.49260100090226
204.87,223,13.54366038690321,52.49273745648289
221.92,223,13.554703449453825,52.492872881730925
219.76,222,13.565746599549495,52.4930072766276
219.4,222,13.576789836522522,52.493140641154305
221.43,222,13.587833159705172,52.49327297529256
221.7,223,13.598876568429679,52.493404279024055
221.77,223,13.60992006202825,52.49353455233057
221.87,223,13.620963639833052,52.49366379519409
205.76,222,13.151367418088881,52.495044174799695
218.05,223,13.162408887152477,52.495216212374366
221.91,223,13.173450467508745,52.49538722006329
226.16,238,13.184492158490919,52.4955571978428
174.08,238,13.195533959432193,52.49572614568936
193.9,238,13.206575869665718,52.49589406357957
192.73,238,13.217617888524602,52.4960609514902
199.53,238,13.228660015341916,52.496226809398124
202.84,238,13.239702249450685,52.49639163728037
207.3,239,13.250744590183894,52.49655543511413
193.97,239,13.26178703687449,52.496718202876714
212.47,239,13.272829588855375,52.49687994054558
215.43,239,13.28387224545942,52.497040648098334
192.35,238,13.294915006019446,52.497200325512715
200.68,239,13.305957869868237,52.49735897276662
215.45,237,13.317000836338543,52.49751658983808
207.21,237,13.328043904763069,52.497673176705256
176.93,238,13.339087074474484,52.497828733346466
175.46,238,13.350130344805418,52.49798325974018
184.47,237,13.361173715088462,52.49813675586496
176.83,238,13.372217184656167,52.498289221699594
197.26,238,13.383260752841052,52.49844065722293
193.95,238,13.394304418975592,52.498591062414
202.52,238,13.40534818239223,52.49874043725199
182.68,238,13.416392042423364,52.49888878171619
209.01,239,13.427435998401368,52.499036095786074
221.62,239,13.438480049658569,52.49918237944121
220.1,222,13.44952419552726,52.499327632661355
215.99,222,13.4605684353397,52.49947185542638
196.95,222,13.47161276842811,52.49961504771632
221.94,222,13.482657194124675,52.49975720951133
221.83,223,13.493701711761549,52.499898340791724
222.09,223,13.504746320670847,52.50003844153794
220.78,223,13.515791020184647,52.50017751173057
217.99,223,13.526835809635001,52.50031555135036
218.48,222,13.53788068835392,52.5004525603782
199.88,223,13.54892565567338,52.50058853879507
220.57,222,13.559970710925326,52.500723486582174
221.5,223,13.571015853441668,52.50085740372079
220.31,223,13.582061082554292,52.50099029019237
221.91,223,13.593106397595033,52.50112214597851
221.11,223,13.604151797895707,52.50125297106095
221.29,223,13.615197282788094,52.501382765421546
222.0,223,13.62624285160394,52.50151152904232
221.79,223,13.167606064428705,52.50308359691833
220.19,223,13.178649647831929,52.503254137306634
219.78,222,13.18969334159491,52.503423647486244
189.99,223,13.200737145050416,52.5035921274337
220.91,223,13.211781057531173,52.503759577125656
221.28,223,13.22282507836986,52.50392599653891
221.97,223,13.233869206899124,52.50409138565042
221.63,223,13.244913442451562,52.50425574443729
221.28,223,13.255957784359733,52.50441907287672
221.53,223,13.267002231956159,52.50458137094613
221.89,223,13.27804678457332,52.504742638623
217.87,223,13.28909144154365,52.50490287588502
187.13,223,13.300136202199555,52.505062082709976
220.87,223,13.311181065873386,52.50522025907583
219.22,222,13.322226031897474,52.505377404960655
219.63,221,13.333271099604092,52.505533520342674
219.15,221,13.344316268325487,52.505688605200284
219.29,222,13.355361537393863,52.50584265951199
219.92,221,13.366406906141385,52.50599568325644
192.85,223,13.37745237390018,52.50614767641245
221.53,223,13.38849794000234,52.50629863895896
210.99,222,13.399543603779918,52.50644857087505
198.46,223,13.410589364564927,52.506597472139944
201.81,222,13.42163522168935,52.50674534273302
221.68,222,13.432681174485124,52.50689218263378
220.64,222,13.443727222284158,52.507037991821896
201.74,237,13.454773364418319,52.50718277027716
212.19,238,13.465819600219442,52.507326517979486
216.71,238,13.476865929019322,52.507469234908996
215.29,238,13.487912350149724,52.507610921045895
217.35,239,13.498958862942372,52.50775157637056
211.84,238,13.510005466728959,52.507891200863476
209.86,238,13.521052160841142,52.508029794505326
204.0,238,13.532098944610546,52.50816735727689
223.42,238,13.543145817368757,52.50830388915911
202.7,237,13.554192778447327,52.50843939013306
208.37,222,13.565239827177784,52.50857386017998
219.04,223,13.57628696289161,52.50870729928121
221.01,223,13.58733418492026,52.508839707418275
221.39,222,13.598381492595157,52.508971084572835
220.22,222,13.609428885247691,52.50910143072665
221.21,223,13.620476362209214,52.5092307458617
222.54,238,13.172805069487389,52.5109507600199
223.73,239,13.183850656727838,52.511120832830905
221.44,239,13.194896354061541,52.51128987513388
188.48,223,13.20594216082083,52.5114578869054
205.64,223,13.216988076338009,52.51162486812217
203.29,222,13.228034099945331,52.51179081876107
221.75,223,13.23908023097501,52.51195573879911
221.84,223,13.250126468759225,52.51211962821343
221.88,223,13.261172812630104,52.51228248698133
220.91,223,13.272219261919743,52.512444315080245
190.51,223,13.283265815960194,52.51260511248776
202.05,222,13.294312474083467,52.51276487918158
219.17,222,13.305359235621541,52.51292361513958
220.43,236,13.316406099906345,52.513081320339744
221.57,238,13.327453066269774,52.513237994760246
221.64,223,13.338500134043686,52.51339363837937
220.64,222,13.349547302559897,52.51354825117552
209.04,223,13.360594571150186,52.5137018331273
186.58,221,13.371641939146292,52.51385438421343
199.1,223,13.382689405879916,52.51400590441275
200.22,223,13.393736970682724,52.514156393704276
183.01,222,13.404784632886347,52.51430585206713
209.4,223,13.415832391822372,52.514454279480624
221.84,223,13.426880246822352,52.51460167592419
221.61,223,13.437928197217806,52.51474804137738
209.15,222,13.448976242340212,52.51489337581992
215.43,238,13.460024381521015,52.515037679231675
199.21,239,13.471072614091625,52.51518095159264
212.37,239,13.482120939383412,52.515323192882946
209.86,238,13.493169356727714,52.51546440308288
211.62,238,13.504217865455834,52.51560458217289
212.9,238,13.51526646489904,52.51574373013352
219.09,238,13.526315154388564,52.51588184694551
213.18,238,13.537363933255605,52.51601893258969
203.84,238,13.54841280083133,52.516154987047074
205.44,223,13.559461756446861,52.51629001029881
199.91,222,13.570510799433302,52.51642400232615
218.96,222,13.581559929121715,52.516556963110546
220.0,222,13.59260914484313,52.516688892633574
221.82,223,13.603658445928547,52.51681979087692
220.94,222,13.614707831708929,52.516949657822465
221.17,223,13.625757301515208,52.51707849345219
221.64,222,13.636806854678285,52.51720629774824
204.51,223,13.122769614974954,52.51795421541652
201.87,238,13.155911051955188,52.518475399243435
193.45,239,13.166958422166596,52.518647065744624
193.11,239,13.178005903540434,52.51881770148551
212.45,239,13.1890534954087,52.51898730644241
221.0,222,13.200101197103349,52.51915588059184
221.47,223,13.21114900795629,52.519323423910436
219.63,223,13.222196927299393,52.519489936375
209.84,223,13.233244954464492,52.519655417962426
203.54,223,13.24429308878337,52.51981986864978
192.02,223,13.25534132958778,52.519983288414295
221.31,223,13.266389676209423,52.5201456772333
204.81,223,13.277438127979966,52.52030703508431
200.14,223,13.288486684231039,52.52046736194494
218.82,222,13.299535344294224,52.520626657792974
217.91,238,13.31058410750107,52.52078492260633
176.23,238,13.321632973183084,52.520942156363084
196.09,238,13.332681940671733,52.52109835904144
224.1,238,13.343731009298446,52.52125353061974
211.86,222,13.354780178394618,52.521407671076474
205.26,223,13.365829447291597,52.52156078039028
221.24,223,13.3768788153207,52.521712858539935
213.04,223,13.3879282818132,52.52186390550435
222.2,223,13.398977846100342,52.5220139212626
192.71,223,13.410027507513323,52.522162905793884
206.06,238,13.42107726538331,52.52231085907754
187.12,238,13.43212711904143,52.52245778109307
185.59,238,13.443177067818775,52.52260367182009
170.76,239,13.454227111046398,52.5227485312384
187.15,238,13.465277248055319,52.5228923593279
226.18,238,13.476327478176524,52.523035156068644
221.92,223,13.487377800740955,52.52317692144084
221.21,223,13.49842821507953,52.52331765542485
220.73,223,13.509478720523123,52.523457358001146
221.64,222,13.520529316402579,52.52359602915036
221.75,222,13.531580002048704,52.52373366885327
198.24,223,13.542630776792272,52.523870277090786
216.46,223,13.553681639964024,52.524005853843974
221.89,223,13.564732590894666,52.52414039909404
221.06,223,13.57578362891487,52.524273912822316
221.05,222,13.586834753355276,52.52440639501029
221.09,222,13.59788596354649,52.52453784563959
220.6,223,13.608937258819086,52.52466826469201
222.0,222,13.619988638503603,52.52479765214946
220.65,223,13.631040101930555,52.52492600799396
221.9,223,13.642091648430412,52.525053332207776
228.68,255,13.653143277333626,52.525179624773195
208.54,223,13.127962248148078,52.52582327121298
220.63,223,13.139011287613048,52.52599756321919
219.17,222,13.150060439979114,52.52617082423709
220.55,222,13.161109704577973,52.52634305424265
221.1,222,13.172159080741277,52.526514253211985
221.31,222,13.183208567800637,52.526684421121374
221.68,222,13.194258165087623,52.52685355794725
219.82,222,13.205307871933758,52.527021663666126
220.07,223,13.21635768767053,52.52718873825473
221.77,222,13.227407611629383,52.52735478168988
221.28,222,13.238457643141714,52.52751979394857
200.18,223,13.249507781538886,52.52768377500794
220.1,222,13.260558026152223,52.52784672484521
221.33,222,13.271608376312997,52.52800864343785
221.53,222,13.282658831352455,52.52816953076336
190.18,223,13.293709390601789,52.52832938679946
220.3,223,13.304760053392163,52.528488211523985
224.2,238,13.315810819054697,52.528646004914926
224.03,238,13.326861686920468,52.52880276695038
221.97,238,13.33791265632052,52.52895849760862
216.91,223,13.348963726585858,52.529113196868074
203.15,223,13.360014897047442,52.52926686470727
221.86,223,13.371066167036199,52.52941950110491
219.76,222,13.382117535883022,52.52957110603983
220.12,223,13.393169002918755,52.52972167949101
220.29,223,13.404220567474217,52.52987122143757
200.32,238,13.415272228880177,52.53001973185877
223.76,238,13.42632398646738,52.53016721073401
223.59,239,13.437375839566524,52.53031365804285
226.26,238,13.448427787508278,52.53045907376498
209.58,239,13.459479829623268,52.53060345788023
222.6,238,13.470531965242088,52.5307468103686
221.9,223,13.481584193695298,52.530889131210174
220.91,223,13.49263651431342,52.53103042038524
221.95,223,13.503688926426939,52.53117067787421
214.63,223,13.514741429366309,52.5313099036576
207.23,222,13.525794022461945,52.53144809771614
206.21,222,13.536846705044232,52.53158526003063
206.91,222,13.547899476443522,52.53172139058205
219.36,223,13.558952335990124,52.531856489351554
221.85,223,13.570005283014323,52.53199055632038
221.41,223,13.581058316846368,52.53212359146993
221.41,222,13.59211143681647,52.532255594781766
220.9,222,13.603164642254816,52.53238656623756
221.25,223,13.614217932491549,52.53251650581918
208.29,223,13.122105775078417,52.53351725000908
221.83,223,13.133156708780529,52.53369210637009
220.71,222,13.144207755786974,52.533865931467005
220.06,222,13.155258915429066,52.534038725275714
221.51,223,13.16631018703807,52.53421048777226
220.81,222,13.177361569945214,52.534381218932836
221.83,223,13.188413063481676,52.53455091873376
221.62,223,13.1994646669786,52.53471958715151
221.36,223,13.210516379767082,52.534887224162674
222.05,223,13.221568201178183,52.53505382974403
203.72,223,13.232620130542914,52.53521940387248
193.27,223,13.243672167192251,52.53538394652506
199.02,222,13.254724310457126,52.53554745767894
199.12,222,13.265776559668435,52.53570993731145
192.51,223,13.276828914157026,52.535871385400085
205.02,223,13.287881373253711,52.53603180192241
221.7,223,13.298933936289263,52.53619118685621
220.04,221,13.309986602594416,52.53634954017938
220.73,222,13.321039371499861,52.53650686186994
220.26,222,13.33209224233625,52.53666315190609
219.41,222,13.343145214434202,52.53681841026615
198.41,223,13.354198287124287,52.53697263692858
221.76,223,13.365251459737049,52.537125831872
221.47,222,13.376304731602984,52.53727799507515
220.72,222,13.387358102052554,52.53742912651694
221.27,223,13.398411570416181,52.53757922617639
215.72,222,13.409465136024258,52.537728294032696
189.77,222,13.420518798207128,52.53787633006518
192.7,222,13.431572556295105,52.538023334253296
221.41,222,13.442626409618466,52.53816930657668
215.76,222,13.453680357507452,52.53831424701505
204.37,223,13.464734399292261,52.53845815554832
219.28,222,13.475788534303069,52.53860103215653
219.91,223,13.486842761870001,52.53874287681985
221.09,222,13.497897081323156,52.538883689518606
206.15,222,13.508951491992597,52.53902347023327
216.91,222,13.520005993208347,52.53916221894445
220.92,222,13.531060584300402,52.5392999356329
219.5,222,13.542115264598717,52.5394366202795
217.3,222,13.553170033433217,52.5395722728653
219.7,222,13.564224890133792,52.53970689337148
221.41,223,13.5752798340303,52.539840481779365
221.58,222,13.58633486445256,52.53997303807042
221.52,223,13.597389980730364,52.54010456222626
221.7,223,13.60844518219347,52.54023505422862
220.0,222,13.619500468171601,52.5403645140594
219.72,223,13.630555837994452,52.540492941700656
207.28,223,13.127300055782971,52.54138633121975
196.91,223,13.138352998085283,52.541560720694655
216.92,223,13.149406053426546,52.54173407860544
220.3,222,13.160459221137643,52.54190640492806
221.64,223,13.171512500549413,52.54207769963863
221.39,223,13.18256589099265,52.54224796271338
221.9,223,13.193619391798114,52.5424171941287
221.77,223,13.204673002296513,52.54258539386112
206.56,223,13.215726721818518,52.542752561887305
207.24,223,13.226780549694753,52.54291869818407
220.84,223,13.237834485255815,52.54308380272836
221.37,223,13.248888527832243,52.5432478754973
220.49,223,13.259942676754543,52.543410916468105
221.19,223,13.270996931353181,52.54357292561818
190.95,223,13.282051290958583,52.543733902925034
208.46,223,13.293105754901129,52.54389384836636
220.47,222,13.304160322511164,52.544052761919936
206.61,223,13.315214993118996,52.54421064356376
192.46,222,13.326269766054889,52.54436749327588
213.28,223,13.337324640649067,52.544523311034574
202.2,222,13.34837961623172,52.544678096818224
219.41,222,13.359434692132997,52.54483185060534
221.19,223,13.370489867683006,52.544984572374595
221.33,223,13.38154514221182,52.5451362621048
220.87,223,13.392600515049477,52.54528691977492
220.99,222,13.40365598552597,52.54543654536405
221.6,223,13.414711552971266,52.54558513885142
203.64,223,13.425767216715279,52.545732700216426
206.85,221,13.436822976087898,52.54587922943858
221.04,223,13.447878830418974,52.546024726497556
219.89,223,13.458934779038321,52.54616919137319
197.23,223,13.469990821275713,52.546312624045406
219.65,222,13.481046956460894,52.54645502449431
221.05,222,13.49210318392357,52.546596392700145
210.76,222,13.503159502993409,52.546736728643296
211.06,222,13.514215913000049,52.54687603230429
219.66,222,13.52527241327309,52.54701430366379
219.37,222,13.536329003142098,52.54715154270262
220.62,223,13.547385681936607,52.54728774940172
221.19,223,13.558442448986114,52.54742292374221
221.32,223,13.569499303620082,52.547557065705305
221.89,223,13.580556245167946,52.54769017527242
219.57,223,13.5916132729591,52.547822252425064
221.94,223,13.132496165579681,52.54925519168123
202.82,222,13.143551117276212,52.54942911399316
219.22,223,13.154606181745953,52.54960200444087
219.41,222,13.165661358319355,52.54977386300039
221.08,223,13.176716646326826,52.54994468964789
221.9,223,13.187772045098738,52.550114484359625
221.11,222,13.198827553965414,52.550283247112084
202.23,222,13.209883172257138,52.55045097788184
222.18,223,13.22093889930415,52.55061767664561
222.0,222,13.231994734436654,52.550783343380274
221.91,223,13.243050676984806,52.55094797806285
220.77,223,13.254106726278724,52.551111580670494
220.77,223,13.265162881648488,52.5512741511805
221.65,222,13.276219142424129,52.55143568957032
220.82,222,13.287275507935645,52.551596195817524
208.24,222,13.298331977512994,52.551755669899855
207.53,222,13.309388550486092,52.55191411179518
218.77,222,13.320445226184814,52.552071521481516
220.6,223,13.331502003939,52.55222789893702
182.24,223,13.34255888307845,52.552383244139975
211.01,223,13.35361586293292,52.552537557068845
221.55,223,13.364672942832131,52.552690837702215
220.99,223,13.375730122105772,52.5528430860188
220.81,222,13.386787400083483,52.55299430199747
221.82,223,13.397844776094871,52.55314448561727
222.06,223,13.408902249469511,52.55329363685731
207.27,223,13.419959819536931,52.55344175569693
203.89,223,13.43101748562663,52.55358884211555
219.59,222,13.442075247068066,52.55373489609278
217.97,222,13.45313310319066,52.55387991760832
217.43,222,13.464191053323802,52.55402390664206
197.27,222,13.47524909679684,52.55416686317401
197.36,223,13.48630723293909,52.55430878718434
210.38,222,13.497365461079834,52.55444967865332
204.52,222,13.508423780548311,52.55458953756143
217.87,222,13.519482190673733,52.55472836388925
220.17,223,13.530540690785275,52.55486615761748
221.22,223,13.541599280212079,52.55500291872702
219.42,223,13.552657958283248,52.55513864719889
221.73,223,13.563716724327858,52.55527334301423
220.56,222,13.574775577674943,52.55540700615437
220.98,222,13.585834517653511,52.555539636600734
203.85,222,13.148751067568078,52.55729728607209
221.55,223,13.159808141960271,52.557469708779664
221.3,222,13.170865328189592,52.55764109929891
221.26,223,13.181922625586022,52.55781145760608
221.75,223,13.192980033479497,52.557980783677515
205.47,223,13.204037551199917,52.55814907748971
214.2,222,13.215095178077135,52.55831633901933
222.03,223,13.226152913440963,52.55848256824313
221.44,222,13.237210756621174,52.558647765138076
221.0,222,13.248268706947496,52.55881192968121
219.57,223,13.259326763749618,52.55897506184978
221.22,223,13.27038492635719,52.5591371616211
220.31,222,13.28144319409982,52.55929822897272
219.9,222,13.292501566307074,52.55945826388226
221.47,222,13.303560042308483,52.559617266327514
221.98,223,13.314618621433532,52.5597752362864
209.5,223,13.32567730301167,52.559932173736996
203.92,222,13.33673608637231,52.56008807865753
221.55,223,13.347794970844818,52.56024295102635
222.19,223,13.358853955758528,52.560396790821954
221.96,222,13.369913040442738,52.56054959802301
221.02,223,13.380972224226696,52.56070137260827
221.1,222,13.392031506439624,52.56085211455671
221.72,223,13.4030908864107,52.56100182384736
220.24,223,13.414150363469073,52.561150500459455
199.41,223,13.425209936943837,52.561298144372365
220.52,223,13.43626960616407,52.56144475556558
221.42,222,13.447329370458801,52.56159033401876
221.19,223,13.458389229157024,52.56173487971167
221.24,223,13.4694491815877,52.56187839262427
221.35,222,13.480509227079756,52.56202087273662
207.33,222,13.491569364962075,52.56216232002894
215.06,223,13.502629594563514,52.56230273448159
219.32,222,13.513689915212884,52.56244211607508
219.95,222,13.524750326238976,52.56258046479006
221.47,222,13.535810826970536,52.562717780607315
221.46,222,13.546871416736275,52.562854063507764
221.54,223,13.557932094864874,52.56298931347252
220.94,223,13.568992860684984,52.563123530482784
221.75,223,13.58005371352521,52.56325671451991
213.74,223,13.153952850176527,52.56516523673778
221.57,223,13.165011935285472,52.565337191427986
220.44,223,13.176071131964646,52.56550811362968
220.19,223,13.187130439543603,52.56567800331916
202.6,223,13.198189857351855,52.565846860472824
216.69,223,13.209249384718865,52.56601468506724
221.37,223,13.220309020974058,52.566181477079105
221.53,223,13.231368765446822,52.566347236485264
221.45,223,13.242428617466494,52.56651196326271
220.81,222,13.253488576362379,52.56667565738858
220.44,223,13.264548641463735,52.566838318840134
218.79,222,13.275608812099781,52.5669999475948
218.97,221,13.286669087599698,52.567160543630145
219.69,223,13.297729467292623,52.56732010692386
220.57,223,13.308789950507657,52.567478637453796
201.81,223,13.319850536573858,52.56763613519792
210.11,223,13.33091122482025,52.5677926001344
220.61,222,13.34197201457581,52.56794803224151
219.77,222,13.353032905169483,52.56810243149763
220.71,223,13.364093895930171,52.568255797881356
221.08,223,13.37515498618674,52.56840813137139
221.68,223,13.386216175268018,52.56855943194657
221.61,223,13.397277462502796,52.56870969958588
222.14,223,13.408338847219824,52.56885893426847
205.0,222,13.419400328747818,52.56900713597361
215.58,223,13.430461906415456,52.56915430468072
220.47,222,13.441523579551378,52.56930044036936
221.69,223,13.45258534748419,52.569445543019235
219.57,223,13.463647209542456,52.56958961261022
208.63,223,13.474709165054717,52.56973264912227
209.69,222,13.485771213349462,52.56987465253554
221.14,222,13.496833353755155,52.57001562283031
220.65,223,13.50789558560022,52.57015555998699
220.06,223,13.51895790821305,52.570294463986166
220.85,222,13.530020320921999,52.57043233480854
221.77,222,13.54108282305539,52.57056917243494
221.45,223,13.552145413941512,52.57070497684639
221.83,223,13.563208092908614,52.570839748024014
220.59,222,13.574270859284919,52.5709734859491
221.94,223,13.159156466318102,52.57303296579644
212.91,223,13.17021756293841,52.573204452191945
207.3,223,13.18127877086169,52.573374905798666
203.9,223,13.192340089417067,52.57354432659294
195.98,223,13.203401517933617,52.57371271455126
221.26,222,13.214463055740381,52.57388006965022
221.9,238,13.225524702166352,52.5740463918666
227.05,239,13.236586456540486,52.574211681177296
227.69,238,13.247648318191695,52.57437593755936
226.6,238,13.25871028644885,52.57453916098998
224.72,238,13.26977236064078,52.574701351446485
223.79,238,13.280834540096278,52.57486250890634
225.83,238,13.291896824144093,52.57502263334719
219.13,222,13.302959212112937,52.575181724746784
196.8,222,13.314021703331477,52.57533978308303
197.5,223,13.325084297128345,52.575496808333966
219.99,222,13.336146992832134,52.575652800477805
218.97,222,13.347209789771396,52.57580775949286
219.62,222,13.358272687274644,52.575961685357626
224.12,239,13.369335684670354,52.57611457805071
225.52,239,13.380398781286962,52.57626643755089
223.95,238,13.39146197645287,52.57641726383706
227.8,238,13.402525269496437,52.57656705688829
221.52,223,13.413588659745987,52.57671581668374
221.18,223,13.424652146529809,52.576863543202776
190.95,222,13.43571572917615,52.57701023642487
204.77,223,13.446779407013224,52.57715589632963
206.24,223,13.457843179369211,52.577300522896856
211.62,222,13.468907045572246,52.57744411610642
221.97,223,13.479971004950439,52.577586675938406
221.26,222,13.491035056831853,52.577728202372995
221.15,223,13.502099200544528,52.57786869539053
221.11,223,13.51316343541646,52.578008154971485
221.47,223,13.524227760775613,52.5781465810965
221.16,223,13.53529217594991,52.578283973746345
221.28,222,13.546356680267255,52.57842033290192
221.2,223,13.557421273055505,52.57855565854428
201.03,223,13.153298919990247,52.58072842216549
208.6,223,13.16436191721023,52.58090047305416
215.05,223,13.175425026136834,52.58107149087747
214.69,222,13.186488246098792,52.58124147561165
208.41,223,13.197551576424795,52.581410427233095
222.07,223,13.20861501644349,52.58157834571835
221.1,223,13.219678565483488,52.58174523104407
226.32,239,13.230742222873351,52.581911083187094
182.05,239,13.241805987941609,52.582075902124366
188.32,238,13.252869860016737,52.582239687833
188.5,238,13.263933838427183,52.58240244029026
190.24,238,13.274997922501347,52.58256415947352
191.04,239,13.286062111567588,52.58272484536032
221.06,238,13.297126404954229,52.58288449792833
221.23,223,13.308190801989547,52.58304311715538
221.5,223,13.319255302001787,52.58320070301944
193.63,223,13.33031990431915,52.58335725549862
220.83,223,13.341384608269795,52.58351277457114
220.06,223,13.352449413181851,52.583667260215435
220.4,239,13.363514318383398,52.58382071241002
204.27,239,13.374579323202488,52.583973131133575
190.04,239,13.385644426967122,52.58412451636492
198.65,238,13.396709629005276,52.58427486808305
221.05,238,13.407774928644882,52.58442418626704
221.6,223,13.418840325213834,52.58457247089616
217.78,223,13.429905818039993,52.58471972194982
209.02,223,13.440971406451178,52.584865939407536
222.24,223,13.452037089775175,52.585011123249004
221.9,223,13.463102867339733,52.58515527345405
221.81,222,13.474168738472565,52.58529839000263
222.33,223,13.485234702501348,52.58544047287488
221.97,223,13.496300758753721,52.585581522051044
222.01,223,13.50736690655729,52.585721537511525
221.97,223,13.518433145239628,52.58586051923687
221.51,222,13.529499474128272,52.58599846720774
221.76,222,13.540565892550719,52.586135381405015
221.42,223,13.147439295003794,52.588423560296086
221.67,223,13.158504193482157,52.58859617597747
221.07,222,13.169569204071243,52.588767758316834
221.26,223,13.180634326099394,52.588938307290334
199.56,223,13.191699558894916,52.58910782287429
221.01,223,13.224895915168096,52.58961016905402
220.36,223,13.235961584315286,52.58977555084567
221.84,223,13.247027360870732,52.58993989913144
220.3,222,13.258093244162486,52.5901032138885
220.23,223,13.269159233518563,52.59026549509414
220.5,223,13.280225328266928,52.590426742725846
220.16,222,13.291291527735519,52.590586956761165
221.02,222,13.302357831252223,52.59074613717787
222.2,223,13.313424238144892,52.59090428395383
221.76,223,13.324490747741335,52.59106139706707
199.8,222,13.33555735936933,52.59121747649574
221.32,223,13.346624072356605,52.59137252221819
221.05,223,13.357690886030854,52.59152653421284
221.27,223,13.368757799719736,52.59167951245829
221.18,223,13.379824812750867,52.59183145693329
221.51,222,13.390891924451825,52.59198236761674
221.9,223,13.401959134150156,52.59213224448761
220.79,223,13.413026441173358,52.59228108752513
218.49,222,13.424093844848901,52.59242889670859
203.91,223,13.435161344504214,52.592575672017446
222.11,223,13.446228939466693,52.59272141343129
221.97,223,13.45729662906369,52.592866120929884
221.77,223,13.468364412622527,52.5930097944931
219.59,222,13.479432289470488,52.593152434100986
220.28,223,13.490500258934825,52.593294039733706
221.61,223,13.501568320342745,52.59343461137157
221.82,223,13.163711303366236,52.59646370787791
221.99,223,13.219047532126842,52.597308938539925
221.2,223,13.230115106015015,52.59747488348523
220.42,223,13.24118278771328,52.597639794647385
221.41,223,13.252250576549297,52.59780367200342
221.82,222,13.263318471850694,52.597966515530594
222.04,223,13.274386472945052,52.598128325206275
221.54,223,13.285454579159907,52.59828910100795
220.72,222,13.296522789822765,52.59844884291328
221.08,222,13.307591104261085,52.59860755090005
221.84,223,13.318659521802289,52.59876522494623
204.28,223,13.329728041773755,52.59892186502987
221.09,222,13.34079666350283,52.59907747112922
221.38,223,13.351865386316815,52.59923204322265
221.6,222,13.362934209542976,52.59938558128866
221.81,223,13.374003132508536,52.599538085305895
221.38,223,13.385072154540687,52.59968955525319
221.08,223,13.396141274966576,52.59983999110947
221.28,223,13.407210493113318,52.59998939285381
221.68,223,13.418279808307984,52.60013776046545
220.9,223,13.429349219877617,52.600285093923766
199.66,223,13.440418727149211,52.60043139320828
221.7,223,13.451488329449738,52.60057665829864
221.61,223,13.46255802610612,52.60072088917466
221.6,223,13.473627816445248,52.60086408581629
220.92,223,13.484697699793982,52.60100624820361
219.8,223,13.495767675479138,52.60114737631686
201.65,223,13.202127702044535,52.60483984897066
211.07,222,13.21319707245083,52.60500739140646
211.26,223,13.224266551742193,52.60517389980487
206.88,223,13.23533613924594,52.60533937414276
221.74,223,13.246405834289343,52.60550381439712
221.23,223,13.257475636199636,52.60566722054509
214.67,223,13.268545544304008,52.60582959256394
205.8,223,13.279615557929612,52.60599093043112
205.93,223,13.29068567640356,52.60615123412419
205.74,223,13.30175589905292,52.60631050362084
204.56,222,13.31282622520472,52.60646873889896
192.57,223,13.323896654185958,52.60662593993653
204.93,222,13.33496718532358,52.606782106711684
220.49,222,13.346037817944499,52.606937239202715
220.89,222,13.357108551375589,52.60709133738806
221.57,223,13.368179384943684,52.60724440124629
221.75,223,13.37925031797558,52.607396430756104
221.78,223,13.390321349798038,52.6075474258964
221.8,223,13.401392479737774,52.60769738664614
221.28,223,13.412463707121473,52.60784631298449
220.81,223,13.423535031275781,52.60799420489074
221.45,223,13.434606451527307,52.60814106234432
201.42,223,13.44567796720262,52.60828688532481
218.55,223,13.456749577628253,52.608431673811936
221.94,223,13.46782128213071,52.60857542778554
221.14,222,13.478893080036451,52.60871814722565
219.85,223,13.489964970671902,52.60885983211242
221.96,223,13.218415920197348,52.61287259956618
222.14,223,13.229487414169402,52.613038637379326
206.71,223,13.24055901608347,52.61320364083146
221.25,223,13.251630725266395,52.61336760989963
220.85,223,13.262702541044973,52.61353054456104
207.59,222,13.273774462745973,52.61369244479301
215.79,223,13.284846489696108,52.613853310573056
221.64,223,13.295918621222059,52.61401314187878
221.58,223,13.306990856650469,52.614171938687974
221.93,223,13.318063195307934,52.61432970097854
221.54,222,13.329135636521015,52.614486428728526
192.6,222,13.340208179616234,52.61464212191616
221.91,223,13.35128082392007,52.61479678051977
221.72,223,13.362353568758973,52.61495040451784
204.32,222,13.373426413459338,52.61510299388902
215.0,222,13.384499357347538,52.61525454861208
221.72,222,13.395572399749899,52.61540506866592
221.41,223,13.40664553999271,52.61555455402963
221.3,223,13.417718777402223,52.615703004682416
220.69,223,13.428792111304658,52.61585042060361
221.25,223,13.43986554102619,52.61599680177272
209.14,223,13.450939065892962,52.61614214816937
221.01,223,13.462012685231079,52.61628645977334
221.66,223,13.47308639836661,52.616429736564584
221.85,223,13.484160204625587,52.61657197852313
221.64,223,13.495234103334012,52.61671318562922
222.17,223,13.223636611183466,52.6207375841187
220.41,223,13.234710120631643,52.620903151068205
201.27,223,13.245783737751097,52.6210676833561
200.94,223,13.256857461868238,52.62123118095955
221.33,223,13.26793129230944,52.621393643855754
202.77,222,13.279005228401026,52.62155507202217
221.38,223,13.290079269469286,52.62171546543628
221.65,223,13.301153414840474,52.62187482407582
219.81,222,13.312227663840794,52.62203314791861
221.0,223,13.323302015796417,52.622190436942596
221.33,222,13.334376470033467,52.622346691125934
200.33,222,13.345451025878042,52.622501910446864
209.16,223,13.356525682656185,52.6226560948838
207.82,223,13.367600439693915,52.62280924441527
212.72,223,13.3786752963172,52.62296135902
211.72,223,13.38975025185198,52.623112438676806
215.85,222,13.400825305624151,52.623262483364655
221.59,223,13.411900456959573,52.623411493062704
220.77,222,13.42297570518407,52.62355946775018
220.32,223,13.434051049623424,52.623706407406516
207.76,223,13.445126489603386,52.62385231201127
204.14,223,13.456202024449668,52.62399718154415
221.55,223,13.467277653487946,52.62414101598497
221.57,223,13.478353376043858,52.624283815313724
221.41,223,13.489429191443007,52.624425579510536
220.87,223,13.500505099010962,52.62456630855569
203.19,222,13.273161891218047,52.62925651823361
220.86,223,13.284237842494504,52.62941747405559
221.45,223,13.295313898474804,52.6295773948249
221.87,223,13.306390058484771,52.62973628051925
221.88,223,13.383926034745425,52.630819496442236
208.5,222,13.395003002717374,52.630970100753174
206.08,223,13.406080068649574,52.631119669795346
207.05,223,13.417157231867456,52.631268203547926
210.18,223,13.428234491696408,52.63141570199028
209.98,223,13.439311847461786,52.63156216510184
222.25,223,13.450389298488913,52.63170759286225
222.15,223,13.461466844103063,52.631851985251245
221.43,223,13.472544483629488,52.63199534224873
220.99,222,13.48362221639339,52.63213766383477
220.36,222,13.494700041719952,52.632278949989534
221.16,222,13.505777958934303,52.63241920069337
221.19,223,13.51685596736155,52.632558415926745
206.08,222,13.267316476846021,52.63695764896942
199.29,223,13.27839433899672,52.63711916749887
221.45,223,13.28947230625264,52.637279650697465
221.59,222,13.30055037793921,52.63743909854288
204.09,223,13.400257611173085,52.63882753464396
213.2,223,13.411336690055842,52.63897662776062
221.93,223,13.44457450605035,52.6394176934918
222.38,223,13.455653968913676,52.6395626441277
221.97,223,13.466733526084365,52.63970655909261
222.13,223,13.47781317688723,52.639849438366475
222.13,223,13.48889292064705,52.639991281929426
222.06,223,13.499972756688567,52.640132089761686
221.92,223,13.511052684336489,52.640271861843665
221.65,223,13.522132702915489,52.6404105981559
221.86,222,13.294708620902567,52.64514160175168
222.03,223,13.305788709089946,52.64530057639405
222.05,223,13.394433083230073,52.64653508737197
222.21,223,13.449839026620616,52.64727299237845
221.96,222,13.460920502109495,52.64741746560959
221.43,255,13.472002071625695,52.64756090287007
221.66,255,13.483083734493603,52.64770330413988
221.98,255,13.494165490037565,52.64784466939922
222.5,255,13.505247337581894,52.647984998628395
242.05,255,13.288864786072415,52.65284378990774
242.89,255,13.299946787672315,52.653003327022134
253.32,255,13.477272481960076,52.65541501638527
253.62,255,13.488356157681936,52.655556939370484
249.98,255,13.28301887214544,52.66054566277292
223.13,255,13.460373658636774,52.66298290084957
216.13,255,13.47145916174604,52.6631264184298
230.07,255,13.482544758321426,52.663268899439785
