plz,area_name,population_2022,population_density_per_sqkm,stop_count,traffic_supply_index,avg_temp_change,avg_tmax,total_precip,no2_avg,pm10_avg,pollution_index,temperature_change,heat_exposure_index,absolute_heat_impact,pollution_heat_interaction,no2_heat_score,traffic_pollution_score,population_pollution_burden,vulnerable_population_score,heat_precip_ratio,climate_vulnerability_score,urban_intensity_score,environmental_stress_score,socio_environmental_score,climate_vulnerability_score_norm,urban_intensity_score_norm,environmental_stress_score_norm,socio_environmental_score_norm,urban_heat_risk_index,risk_category,priority_rank,cluster,district_type
10101,Moabit,75771,7081,,0.0,6.152150537634409,23.165564516129038,249.48333333333332,21.062051971326166,18.696558144165667,0.3396306412679743,5.0703731294036904,35.90331212930753,38.41872423880471,1.7220540774072812,106.79246236551622,,25734.15331951568,12193.864922120958,0.0924834567148674,0.7536514061291242,-0.16429773879813425,-1.4161447241629702e-15,2.3874305534171036e-18,17.105635166360603,4.536535039278768,37.03496429035109,72.44069568924705,27.24595149402073,Low Risk,71,0,Suburban (Low Density)
10102,Märkisches Viertel,39341,5096,,0.0,6.152150537634409,23.165564516129038,249.48333333333332,21.062051971326166,18.696558144165667,0.3396306412679743,4.856239886948766,24.747398463890914,19.104933339245143,1.6493278669555247,102.28237688414202,,13361.409058123378,8404.974810005355,0.0924834567148674,-0.07163510677225034,-0.08535208690075956,-1.1134183638177558e-16,5.078907878971241e-19,12.037607104715544,9.117850222000943,59.061399720712046,64.80042365225096,30.978038520166333,Moderate Risk,56,0,Suburban (Low Density)
10103,Hansaviertel,5629,10621,,0.0,6.152150537634409,23.165564516129038,249.48333333333332,21.062051971326166,18.696558144165667,0.3396306412679743,5.452253068089045,57.90837983617375,3.0690732520273234,1.8517522058703628,114.83563748091402,,1911.7808796974275,19667.460178549125,0.0924834567148674,2.2802936928954756,-0.23766446559192556,-1.4435831511568262e-15,-9.113623007488105e-18,26.48064109275754,0.2789718766620383,36.571774987085085,25.689262423844163,22.334300461978543,Low Risk,88,2,Mixed Urban (Medium Density)
10104,Tiergarten,13696,2649,,0.0,6.152150537634409,23.165564516129038,249.48333333333332,21.062051971326166,18.696558144165667,0.3396306412679743,4.592268076224737,12.164918133919329,6.2895703571974,1.5596749516026545,96.72258888770746,,4651.581262806177,4131.578946795432,0.0924834567148674,-1.0585911631983067,0.04935358055654493,1.1639133237803442e-16,7.68893016244564e-18,5.976777427524937,16.934989034447636,62.9057734449068,93.99113051380667,36.15073229654334,Moderate Risk,28,0,Suburban (Low Density)
10105,Wedding,78099,8461,,0.0,6.152150537634409,23.165564516129038,249.48333333333332,21.062051971326166,18.696558144165667,0.3396306412679743,5.219241580077642,44.160003009036934,40.76175481624838,1.7726143647742452,109.9279374105018,,26524.813452387527,14998.090140354889,0.0924834567148674,1.3404242719432726,-0.2031738840488359,-1.1515124771938411e-15,-3.1766145537759603e-18,20.70896722531232,2.280503577099216,41.50223299065942,49.823021392097324,25.66727587961357,Low Risk,78,2,Mixed Urban (Medium Density)
10106,Gesundbrunnen,86701,14144,,0.0,6.152150537634409,23.165564516129038,249.48333333333332,21.062051971326166,18.696558144165667,0.3396306412679743,5.8322991200632,82.4920387541739,50.56661660085995,1.980827490213707,122.84018717909099,,29446.31622857464,28016.824021582674,0.0924834567148674,3.86938236166057,-0.2249011701125353,-3.1194520936961126e-15,-3.829421829332183e-18,36.23912598236355,1.019641919355604,8.28135702567191,47.16937965251967,22.08435077796207,Low Risk,91,2,Mixed Urban (Medium Density)
20201,Friedrichshain,126291,12913,,0.0,6.152150537634409,23.165564516129038,249.48333333333332,21.062051971326166,18.696558144165667,0.3396306412679743,5.699504147034479,73.59769705065622,71.97960782331313,1.9357262483667992,120.04325255562921,,42892.29331637375,24996.033045160475,0.0924834567148674,3.3062139797352583,-0.23908714145596954,-2.6233689328314045e-15,-2.230028340610022e-18,32.78074744544226,0.196412212141061,16.65575887073299,53.67086558658125,23.736934214610493,Low Risk,83,2,Mixed Urban (Medium Density)
20202,Köpenick,67140,6456,,0.0,6.152150537634409,23.165564516129038,249.48333333333332,21.062051971326166,18.696558144165667,0.3396306412679743,5.002950823844835,32.299050518742256,33.58981183129422,1.6991553965345618,105.37241026180898,,22802.801254731796,10969.74724002713,0.0924834567148674,0.49141688653632315,-0.14237095630584146,-8.252412054534395e-16,-2.265669991942635e-18,15.495270907097408,5.808973724955494,47.01003280247043,53.525983356886265,26.656993952873513,Low Risk,74,0,Suburban (Low Density)
30301,Prenzlauer Berg,159369,14488,,0.0,6.152150537634409,23.165564516129038,249.48333333333332,21.062051971326166,18.696558144165667,0.3396306412679743,5.8694083570427935,85.035988276836,93.54017404535529,1.9934309241660515,123.62178385697145,,54126.5956682358,28880.827229317754,0.0924834567148674,4.028277752631235,-0.21906921544962663,-2.1937380267864426e-15,-8.193925033021375e-18,37.21489171670753,1.3580775621046557,23.908377254325764,29.42780674501532,23.755996816707537,Low Risk,82,2,Mixed Urban (Medium Density)
30302,Weißensee,54380,6858,,0.0,6.152150537634409,23.165564516129038,249.48333333333332,21.062051971326166,18.696558144165667,0.3396306412679743,5.046316850780292,34.60764096265124,27.44187103454323,1.713883828071895,106.28578777491349,,18469.114272152445,11753.815292917057,0.0924834567148674,0.6598347408047003,-0.15678329479912775,-2.0881204885102366e-15,2.400090582099034e-19,16.529513437625937,4.972607648155519,25.69131160321467,63.711492560662585,23.00803340011101,Low Risk,84,0,Suburban (Low Density)
30303,Blankenburg,6705,1112,,0.0,6.152150537634409,23.165564516129038,249.48333333333332,21.062051971326166,18.696558144165667,0.3396306412679743,4.426463142394401,4.922227014342574,2.9679435369754463,1.5033625156004633,93.23039675427061,,2277.223449701768,1671.739117347715,0.0924834567148674,-1.661342618872665,0.15507327970802876,6.81891907155177e-16,9.16713788730571e-18,2.275321940489595,23.070035755768334,72.45201373361583,100.0,39.6768750515174,Moderate Risk,16,0,Suburban (Low Density)
30304,Heinersdorf,7623,1930,,0.0,6.152150537634409,23.165564516129038,249.48333333333332,21.062051971326166,18.696558144165667,0.3396306412679743,4.51470545590983,8.713381529905972,3.441559969040063,1.533332309126678,95.08896094760263,,2589.004378385768,2959.3313566144884,0.0924834567148674,-1.3422042118156006,0.09678119295108792,1.4085939113858022e-15,1.3743747622787076e-18,4.235129082893717,19.687272859094957,84.71950250390736,68.32265467998415,37.832387221761,Moderate Risk,22,0,Suburban (Low Density)
30305,Karow,18926,2846,,0.0,6.152150537634409,23.165564516129038,249.48333333333332,21.062051971326166,18.696558144165667,0.3396306412679743,4.613519586936889,13.130076744422386,8.731547170236755,1.5668926158137355,97.17018931079598,,6427.849516637682,4459.376384605891,0.0924834567148674,-0.9803775242226765,0.0369808733364043,1.308821852683841e-16,4.0969339550846325e-18,6.457082038027203,16.21698531826208,63.15039417537046,79.38977507374027,34.010289847778694,Moderate Risk,44,0,Suburban (Low Density)
30306,Stadtrandsiedlung Malchow,1078,190,,0.0,6.152150537634409,23.165564516129038,249.48333333333332,21.062051971326166,18.696558144165667,0.3396306412679743,4.327001757233978,0.8221303338744558,0.4664507894298228,1.4695823815770277,91.13553589088168,,366.12183128687633,279.22065249963526,0.0924834567148674,-2.016557296939131,0.2263069363412203,1.7415183825469197e-15,7.294848976756045e-18,0.09397288388117409,27.203814181953085,90.33961527027881,92.38920246814092,43.277128242637524,Moderate Risk,5,0,Suburban (Low Density)
30307,Pankow,64557,11406,,0.0,6.152150537634409,23.165564516129038,249.48333333333332,21.062051971326166,18.696558144165667,0.3396306412679743,5.536935483870967,63.15428612903225,35.744794403225804,1.8805129490464982,116.6192229231703,,21925.535308336617,21449.13069682436,0.0924834567148674,2.628349515328994,-0.2422298030164445,-1.4717981482582495e-15,-7.124928444613321e-18,28.618028106281685,0.014039620679312642,36.09547636938419,33.77324539541745,24.10967564402708,Low Risk,81,2,Mixed Urban (Medium Density)
30308,Blankenfelde,2013,150,,0.0,6.152150537634409,23.165564516129038,249.48333333333332,21.062051971326166,18.696558144165667,0.3396306412679743,4.322686729678211,0.6484030094517317,0.8701568386842239,1.4681168660011736,91.04465255624443,,683.6764808724323,220.21752990017606,0.0924834567148674,-2.031860004955394,0.22952998369517294,1.6698157040134316e-15,4.834398875934396e-18,0.0,27.390851661819486,89.12919917318733,82.38754756911239,41.48814484411856,Moderate Risk,10,0,Suburban (Low Density)
30309,Buch,16399,901,,0.0,6.152150537634409,23.165564516129038,249.48333333333332,21.062051971326166,18.696558144165667,0.3396306412679743,4.403701372037732,3.967734936205997,7.221629880004677,1.4956319209378333,92.75098716405905,,5569.602886153511,1347.564360764988,0.0924834567148674,-1.7430543081401577,0.17085796561424707,5.147142709371404e-16,4.046845634425066e-18,1.7735360422611048,23.98604087395602,69.62988064053332,79.18616757219347,35.90264312924274,Moderate Risk,31,0,Suburban (Low Density)
30310,Französisch Buchholz,20858,1738,,0.0,6.152150537634409,23.165564516129038,249.48333333333332,21.062051971326166,18.696558144165667,0.3396306412679743,4.49399332364215,7.8105603964900565,9.373571274452797,1.5262978343625786,94.65272094134377,,7084.015915567408,2652.7056361221616,0.0924834567148674,-1.4174490511734934,0.1100491115117633,1.2303507172789646e-15,-1.2415132547259386e-18,3.77305566790584,20.457226812026523,81.71057123723014,57.68914937465504,35.515891402279465,Moderate Risk,32,0,Suburban (Low Density)
30311,Niederschönhausen,31138,4798,,0.0,6.152150537634409,23.165564516129038,249.48333333333332,21.062051971326166,18.696558144165667,0.3396306412679743,4.8240929316583046,23.145997886096545,15.021260570597628,1.6384097759154121,101.60529604109442,,10575.418907802185,7861.090104842147,0.0924834567148674,-0.19362420551284165,-0.07115501631773916,-1.942511848164896e-16,-2.3537525310006534e-18,11.288480388154271,9.941724032007858,57.66180333188433,53.16793051200464,28.827039553627735,Low Risk,66,0,Suburban (Low Density)
30312,Rosenthal,9674,1974,,0.0,6.152150537634409,23.165564516129038,249.48333333333332,21.062051971326166,18.696558144165667,0.3396306412679743,4.519451986221173,8.921398220800596,4.372117851470363,1.5349443762601174,95.18893261570362,,3285.5868236263836,3029.9801987374717,0.0924834567148674,-1.3249314835870742,0.09377642450416934,1.599865536255094e-15,4.247040891197075e-18,4.341199726233798,19.51290237794005,87.94836728823344,79.99995520803593,40.38473060193059,Moderate Risk,14,0,Suburban (Low Density)
30313,Wilhelmsruh,7676,5603,,0.0,6.152150537634409,23.165564516129038,249.48333333333332,21.062051971326166,18.696558144165667,0.3396306412679743,4.910932861218109,27.515956821405066,3.7696320642710206,1.6679032768794744,103.43432315066933,,2607.004802372971,9345.262060355693,0.0924834567148674,0.13705461258316476,-0.10809922079983608,5.098152706175378e-16,-2.2399876437375894e-18,13.31915640588105,7.797805515413131,69.54718039881593,53.63038132198126,32.042508418912824,Moderate Risk,52,0,Suburban (Low Density)
40401,Charlottenburg,119191,11244,,0.0,6.152150537634409,23.165564516129038,249.48333333333332,21.062051971326166,18.696558144165667,0.3396306412679743,5.519459622270112,62.06080399280514,65.78699118379969,1.8745776109642895,116.25114541788939,,40480.91576337113,21077.75065768247,0.0924834567148674,2.5562384142357244,-0.24163557390090667,-2.0776124999301915e-15,-5.872588695932557e-18,28.175198763764016,0.04852348145695182,25.868697424574183,38.86396842144359,22.170220057041725,Low Risk,90,2,Mixed Urban (Medium Density)
40402,Wilmersdorf,94261,13165,,0.0,6.152150537634409,23.165564516129038,249.48333333333332,21.062051971326166,18.696558144165667,0.3396306412679743,5.726688820635809,75.39185832367043,53.98034149219521,1.9449589964946794,120.61581756384396,,32013.923876560526,25605.385188852455,0.0924834567148674,3.420809261614427,-0.2370335719892922,-2.3293293587213346e-15,-1.1910916388442073e-17,33.48446923807643,0.31558342360554503,21.61945396503169,14.318349826065635,19.351076054395904,Low Risk,96,2,Mixed Urban (Medium Density)
40403,Schmargendorf,22327,6219,,0.0,6.152150537634409,23.165564516129038,249.48333333333332,21.062051971326166,18.696558144165667,0.3396306412679743,4.9773842855769175,30.954352872002847,11.113005894407584,1.6904722167476267,104.8339265040832,,7582.933327590063,10513.046715953491,0.0924834567148674,0.39255044573653153,-0.13335206830177254,-8.551377570552014e-16,-1.5636038928391027e-18,14.888138852355842,6.332351106119229,46.50534778865468,56.37986071745368,26.877252429636073,Low Risk,73,0,Suburban (Low Density)
40404,Grünau,7391,331,,0.0,6.152150537634409,23.165564516129038,249.48333333333332,21.062051971326166,18.696558144165667,0.3396306412679743,4.342212229368055,1.4372722479208262,3.2093290587259298,1.474748323981913,91.45589964547804,,2510.210069611598,488.1416952380132,0.0924834567148674,-1.9625436842198316,0.2150336716347557,2.3137806504145174e-15,4.078464594763836e-18,0.4256667873836931,26.549612493610447,100.0,79.31469768522801,43.683591151771104,Moderate Risk,3,0,Suburban (Low Density)
40405,Westend,38287,2836,,0.0,6.152150537634409,23.165564516129038,249.48333333333332,21.062051971326166,18.696558144165667,0.3396306412679743,4.612440830047946,13.080882194015976,17.65965220600457,1.5665262369197717,97.14746847713664,,13003.438362226932,4442.668407904473,0.0924834567148674,-0.9843530036290257,0.0376024831867127,1.3748028292033334e-15,-3.6410157247411604e-18,6.432668890744527,16.253058117415723,84.14907374659533,47.935244742959995,34.54225378920735,Moderate Risk,38,0,Suburban (Low Density)
40406,Charlottenburg-Nord,17766,2865,,0.0,6.152150537634409,23.165564516129038,249.48333333333332,21.062051971326166,18.696558144165667,0.3396306412679743,4.615569225025878,13.223605829699139,8.200020285180974,1.5675887357122662,97.21335889474868,,6033.877972766832,4491.141727815642,0.0924834567148674,-0.9728225682153918,0.03580171405446855,7.07775428514603e-17,5.650296358216166e-18,6.503476506434066,16.14855722638689,62.13576504045756,85.70414604353113,34.702919250492705,Moderate Risk,37,0,Suburban (Low Density)
40407,Halensee,14595,11492,,0.0,6.152150537634409,23.165564516129038,249.48333333333332,21.062051971326166,18.696558144165667,0.3396306412679743,5.546212793115866,63.73707741848753,8.094697571552606,1.8836638075345846,116.81462209264043,,4956.909209306085,21647.064476187446,0.0924834567148674,2.6666905259353277,-0.24247173507366254,-2.34001145595463e-15,-4.35107770669886e-18,28.853477631540013,0.0,21.439129007773108,45.04886436154543,22.215829077214096,Low Risk,89,2,Mixed Urban (Medium Density)
50501,Spandau,37536,4674,,0.0,6.152150537634409,23.165564516129038,249.48333333333332,21.062051971326166,18.696558144165667,0.3396306412679743,4.810716346235428,22.48528820230439,18.057504877229302,1.6338666776302648,101.3235577037189,,12748.375750634685,7636.692851243857,0.0924834567148674,-0.24423802991524685,-0.06506712284419228,-8.373705138904912e-16,1.4320035878999453e-18,10.977664352306586,10.2950121249026,46.805277408682194,68.55691410508179,28.400792022465772,Low Risk,69,0,Suburban (Low Density)
50502,Haselhorst,18049,3816,,0.0,6.152150537634409,23.165564516129038,249.48333333333332,21.062051971326166,18.696558144165667,0.3396306412679743,4.718159005164232,18.00449476370671,8.515805188420922,1.6024313685281957,99.3741101757496,,6129.993444245669,6114.878102303595,0.0924834567148674,-0.5920903130160503,-0.020038328194235178,-5.096130194375219e-17,-3.242798371032847e-18,8.841527259911318,12.908089547554013,60.080686201071856,49.55398618594431,28.774826406017077,Low Risk,67,0,Suburban (Low Density)
50503,Siemensstadt,11594,2048,,0.0,6.152150537634409,23.165564516129038,249.48333333333332,21.062051971326166,18.696558144165667,0.3396306412679743,4.527434787199343,9.272186444184253,5.249107892278918,1.5376555800754477,95.35706678478257,,3937.677654860894,3149.118627994517,0.0924834567148674,-1.295857408595156,0.08875305166752602,1.3925815117787302e-16,8.938925781251985e-18,4.519741633343606,19.221389752584766,63.2917892274507,99.07232472311972,37.07105302514709,Moderate Risk,23,0,Suburban (Low Density)
50504,Staaken,44526,4085,,0.0,6.152150537634409,23.165564516129038,249.48333333333332,21.062051971326166,18.696558144165667,0.3396306412679743,4.747177565476763,19.39222035497258,21.137282828041837,1.6122869607758141,99.9853006011852,,15122.393933097825,6586.192234769201,0.0924834567148674,-0.4834760363834859,-0.03470193291634154,-3.715853133286914e-16,3.005178494557167e-20,9.508520108169456,12.057142176390984,54.668218041836795,62.858022624397826,29.43802548607593,Low Risk,62,0,Suburban (Low Density)
50505,Gatow,3431,340,,0.0,6.152150537634409,23.165564516129038,249.48333333333332,21.062051971326166,18.696558144165667,0.3396306412679743,4.343183110568103,1.476682257593155,1.490146125235916,1.4750780649864803,91.47634839577142,,1165.27273019042,501.5265420954033,0.0924834567148674,-1.959092221090706,0.21431875533190908,1.82631132235444e-15,7.77334858846359e-18,0.4468619865281048,26.508125004003492,91.77100864862794,94.33428885051455,43.876328436019875,Moderate Risk,2,0,Suburban (Low Density)
50506,Kladow,15906,1075,,0.0,6.152150537634409,23.165564516129038,249.48333333333332,21.062051971326166,18.696558144165667,0.3396306412679743,4.4224717419053166,4.754157122548215,7.034383552674597,1.502006913692798,93.14632966973114,,5402.1649800084,1614.6574322197578,0.0924834567148674,-1.6756892626190376,0.1578190170293371,1.59886726435113e-15,6.252403811105163e-19,2.1872201819361625,23.22937433586175,87.93151541593878,65.27744618299432,38.347366429076935,Moderate Risk,20,0,Suburban (Low Density)
50507,Hakenfelde,30903,1515,,0.0,6.152150537634409,23.165564516129038,249.48333333333332,21.062051971326166,18.696558144165667,0.3396306412679743,4.46993704501875,6.771954623203406,13.813446450221445,1.5181275850271925,94.14604635074103,,10495.60570710421,2299.9632913161963,0.0924834567148674,-1.5045832786659188,0.12577827165624383,1.3716552675691763e-15,6.582475800788132e-18,3.2379703331063006,21.37000970062756,84.09593961902168,89.49342715330049,40.92379101949459,Moderate Risk,11,0,Suburban (Low Density)
50508,Falkenhagener Feld,37362,5431,,0.0,6.152150537634409,23.165564516129038,249.48333333333332,21.062051971326166,18.696558144165667,0.3396306412679743,4.892378242728313,26.57050623625747,18.278903590481523,1.6616015599033023,103.04352481172911,,12689.280019054057,9024.158071834834,0.0924834567148674,0.0660949421851039,-0.10058087483782199,-4.744783256868032e-16,5.934165637845363e-19,12.883397920554351,8.234104560096535,52.93127653583261,65.14808333253136,29.572747046056012,Low Risk,61,0,Suburban (Low Density)
50509,Wilhelmstadt,38453,3697,,0.0,6.152150537634409,23.165564516129038,249.48333333333332,21.062051971326166,18.696558144165667,0.3396306412679743,4.7053217981858255,17.395574687892996,18.093373910563955,1.59807145969003,99.10373225520375,,13059.817048677416,5908.07018647404,0.0924834567148674,-0.640009530599115,-0.013392288395135257,-1.2583025582239762e-16,4.956371385666534e-18,8.547258620346055,13.293767571673348,58.81682006942117,82.88336211503709,33.45169174465031,Moderate Risk,47,0,Suburban (Low Density)
60601,Steglitz,71578,10542,,0.0,6.152150537634409,23.165564516129038,249.48333333333332,21.062051971326166,18.696558144165667,0.3396306412679743,5.443730888666407,57.38781102832126,38.96513695489641,1.8488578126080515,114.65614289500543,,24310.082040679066,19490.659060514077,0.0924834567148674,2.2454578251250408,-0.23696972863172783,-2.6700785896627447e-15,2.5748830846412136e-19,26.266716410053544,0.31928833370883797,15.867251081698758,63.78254518183872,22.807367374646446,Low Risk,86,2,Mixed Urban (Medium Density)
60602,Lichterfelde,81594,4483,,0.0,6.152150537634409,23.165564516129038,249.48333333333332,21.062051971326166,18.696558144165667,0.3396306412679743,4.790112089656642,21.474072497930727,39.08444058434441,1.6268688407555618,100.88958978082597,,27711.822543619095,7293.2530131071835,0.0924834567148674,-0.3220309295464391,-0.05548239938238112,-6.071721755727533e-16,3.31817102416202e-18,10.499943473358046,10.851225647274553,50.691265769540514,76.22412742226263,30.494222183218476,Moderate Risk,58,0,Suburban (Low Density)
60603,Lankwitz,42291,6050,,0.0,6.152150537634409,23.165564516129038,249.48333333333332,21.062051971326166,18.696558144165667,0.3396306412679743,4.959153294153803,30.00287742963051,20.97275519630585,1.6842804134396434,104.44994441524076,,14363.319449863902,10189.896501309844,0.0924834567148674,0.32224315744151816,-0.12668434864735706,-9.137526971984573e-16,-3.924786817415198e-18,14.456386600929093,6.719287239430511,45.515866383907515,46.78172387362874,25.135782297204003,Low Risk,80,0,Suburban (Low Density)
60604,Zehlendorf,52876,2813,,0.0,6.152150537634409,23.165564516129038,249.48333333333332,21.062051971326166,18.696558144165667,0.3396306412679743,4.6099596892033805,12.967816605729109,24.375622852631796,1.5656835654636556,97.09521055972023,,17958.30978768541,4404.267869649264,0.0924834567148674,-0.9934944778468652,0.039034802303651694,1.260687496238809e-15,-3.656331384247991e-18,6.376531722456217,16.33617739199548,82.22268774860638,47.87298705243128,34.05245044587483,Moderate Risk,43,0,Suburban (Low Density)
60605,Dahlem,15919,1897,,0.0,6.152150537634409,23.165564516129038,249.48333333333332,21.062051971326166,18.696558144165667,0.3396306412679743,4.511145558176323,8.557643123860483,7.1812926140608875,1.5321232587765985,95.0139821965269,,5406.580178344883,2906.4378218992074,0.0924834567148674,-1.3551516324178414,0.09904352874344552,8.66758298635888e-16,2.0446386701243407e-18,4.155619858021749,19.818559042245575,75.57275148896984,71.04725709939824,35.9593831480212,Moderate Risk,30,0,Suburban (Low Density)
60606,Nikolassee,11107,567,,0.0,6.152150537634409,23.165564516129038,249.48333333333332,21.062051971326166,18.696558144165667,0.3396306412679743,4.367670891947079,2.4764693957339943,4.851172059685621,1.4833948658794518,91.9921113198379,,3772.2775325633907,841.0848889536493,0.0924834567148674,-1.871888422409622,0.19647165344111003,1.797367615793927e-15,-5.58158442476997e-19,0.9823745532415218,25.47243529982326,91.28240865422222,60.466965922701256,38.60258697055109,Moderate Risk,18,0,Suburban (Low Density)
60607,Wannsee,9760,412,,0.0,6.152150537634409,23.165564516129038,249.48333333333332,21.062051971326166,18.696558144165667,0.3396306412679743,4.350950160168483,1.7925914659894149,4.24652735632444,1.4777159930230175,91.6399383981185,,3314.7950587754294,608.8189891254832,0.0924834567148674,-1.93146416174078,0.20861952925947783,1.8712004707947e-15,4.538729424692434e-18,0.6165240104256812,26.17739176781036,92.52878435475367,81.18566023373431,42.070176469350145,Moderate Risk,8,0,Suburban (Low Density)
60608,Schlachtensee,10004,2470,,0.0,6.152150537634409,23.165564516129038,249.48333333333332,21.062051971326166,18.696558144165667,0.3396306412679743,4.572958327912682,11.295207069944325,4.574787511243847,1.5531167694007078,96.31588596520571,,3397.6649352448153,3836.1984204197483,0.0924834567148674,-1.1294696418633061,0.06082780018878098,-2.8284321505403164e-16,7.420026727281012e-18,5.5415175350809465,17.60085238914368,56.16627733945641,92.89804622049718,34.31602050250292,Moderate Risk,41,0,Suburban (Low Density)
70701,Schöneberg,115670,10912,,0.0,6.152150537634409,23.165564516129038,249.48333333333332,21.062051971326166,18.696558144165667,0.3396306412679743,5.483644893557249,59.83753307849669,63.42932048377669,1.8624138316847012,115.49681374040011,,39285.07627546659,20322.659731343458,0.0924834567148674,2.4089150875113416,-0.23985239477210193,-2.443540568676623e-15,-1.6624135178681133e-18,27.27049628492525,0.15200360252715517,19.6914494633085,55.978202594042614,22.90226735528914,Low Risk,85,2,Mixed Urban (Medium Density)
70702,Friedenau,27090,16418,,0.0,6.152150537634409,23.165564516129038,249.48333333333332,21.062051971326166,18.696558144165667,0.3396306412679743,6.077608436608538,99.78217531223898,16.46424125477253,2.0641420507010086,128.0069047532194,,9200.594071949425,33889.08418840916,0.0924834567148674,4.932062097312559,-0.171219886284587,-2.5389726331420904e-15,-1.543329199815889e-17,42.76496959743962,4.134834139804876,18.080456549651526,0.0,20.521562031467965,Low Risk,95,2,Mixed Urban (Medium Density)
70703,Tempelhof,57371,4703,,0.0,6.152150537634409,23.165564516129038,249.48333333333332,21.062051971326166,18.696558144165667,0.3396306412679743,4.813844741213359,22.639511817926426,27.617508664815162,1.634929176422759,101.38944812133091,,19484.949520184953,7689.071916716235,0.0924834567148674,-0.23240865149725537,-0.06650040155060136,-4.641854216533261e-16,1.033762515766381e-18,11.050307756551051,10.211837164142503,53.10503150542024,66.93807624741952,29.73753631929648,Low Risk,60,0,Suburban (Low Density)
70704,Mariendorf,49993,5330,,0.0,6.152150537634409,23.165564516129038,249.48333333333332,21.062051971326166,18.696558144165667,0.3396306412679743,4.881482798150002,26.01830331413951,24.403996952791307,1.6579011330742708,102.81404439177003,,16979.15464890984,8836.613039285865,0.0924834567148674,0.024504084896074186,-0.09607098118171016,-5.796107149507271e-16,-4.970405080732668e-18,12.627991308967246,8.495819344668408,51.15653200894149,42.531317404369105,25.712582407196376,Low Risk,76,0,Suburban (Low Density)
70705,Marienfelde,30576,3342,,0.0,6.152150537634409,23.165564516129038,249.48333333333332,21.062051971326166,18.696558144165667,0.3396306412679743,4.667025928628395,15.597200653476097,14.26989847937418,1.5850650089543252,98.29714266029802,,10384.546487409583,5297.287259925355,0.0924834567148674,-0.7824899491924406,0.0070142012753078185,1.0903280270780447e-15,-1.103090297899157e-18,7.672296109293601,14.477981758349449,79.34684199246992,58.251834488172385,34.87928474918346,Moderate Risk,36,0,Suburban (Low Density)
70706,Lichtenrade,50590,5009,,0.0,6.152150537634409,23.165564516129038,249.48333333333332,21.062051971326166,18.696558144165667,0.3396306412679743,4.846854702014974,24.277895202393005,24.520237937493754,1.6461403705780422,102.08470563130598,,17181.91414174682,8245.517116225414,0.0924834567148674,-0.10730085125406089,-0.08127058568088394,-4.764693067238742e-17,2.31786663665276e-18,11.818586205854833,9.354704856265318,60.13663624953097,72.1579204813006,32.333028520693354,Moderate Risk,51,0,Suburban (Low Density)
80801,Neukölln,150733,12883,,0.0,6.152150537634409,23.165564516129038,249.48333333333332,21.062051971326166,18.696558144165667,0.3396306412679743,5.696267876367654,73.38501905124448,85.86155458085256,1.9346271116849085,119.97509005465126,,51193.545450245576,24923.801079836678,0.0924834567148674,3.29259540812825,-0.23930245029344238,-2.2416388642802852e-15,-6.689107539134054e-18,32.69711672812786,0.18391757029085698,23.09976109168644,35.544844133766226,22.59663714040401,Low Risk,87,2,Mixed Urban (Medium Density)
80802,Britz,40252,3246,,0.0,6.152150537634409,23.165564516129038,249.48333333333332,21.062051971326166,18.696558144165667,0.3396306412679743,4.656669862494556,15.115550373657328,18.744027530513087,1.5815477715722757,98.07902265716861,,13670.812572318502,5133.704066523607,0.0924834567148674,-0.8208984529112163,0.01268182799617568,3.805753326276383e-16,-2.969456030541707e-18,7.436432113445392,14.806881244543662,67.36547527245837,50.665114494529874,30.745607543135872,Moderate Risk,57,0,Suburban (Low Density)
80803,Buckow,37718,5940,,0.0,6.152150537634409,23.165564516129038,249.48333333333332,21.062051971326166,18.696558144165667,0.3396306412679743,4.947286968375445,29.386884592150142,18.660176987318504,1.6802502456060449,104.2000152449883,,12810.188527345455,9980.686458899907,0.0924834567148674,0.27656707920015555,-0.12223861673648728,-9.858554283893277e-16,-2.7251464654156845e-18,14.175892926727022,6.977278637462877,44.29869698016023,51.65822545341753,25.529290246772863,Low Risk,79,0,Suburban (Low Density)
80804,Rudow,40736,3452,,0.0,6.152150537634409,23.165564516129038,249.48333333333332,21.062051971326166,18.696558144165667,0.3396306412679743,4.678892254406755,16.151536062212116,19.059935487551357,1.589095176787924,98.54707183055052,,13835.193802692202,5485.556550271914,0.0924834567148674,-0.7384166613113979,0.0005981602973340891,-1.556995320314489e-17,-2.9391481128963775e-18,7.942947157454834,14.105650854253943,60.678129129140466,50.788315258851625,29.094223789785534,Low Risk,64,0,Suburban (Low Density)
80805,Gropiusstadt,35584,13377,,0.0,6.152150537634409,23.165564516129038,249.48333333333332,21.062051971326166,18.696558144165667,0.3396306412679743,5.749558466681373,76.91184360879673,20.459228847838997,1.9527262290467058,121.09749923742146,,12085.416738879598,26121.61876595778,0.0924834567148674,3.5174906635100975,-0.23496686703872252,-2.274749685789058e-15,-1.3700636685315085e-17,34.07818311827042,0.4355169036730752,22.54081584498379,7.043191199953634,18.727925958551907,Low Risk,97,2,Mixed Urban (Medium Density)
90901,Altglienicke,29905,3790,,0.0,6.152150537634409,23.165564516129038,249.48333333333332,21.062051971326166,18.696558144165667,0.3396306412679743,4.715354237252983,17.871192559188806,14.101266846505046,1.6014787834038906,99.31503600823538,,10156.654327118773,6069.604589100745,0.0924834567148674,-0.6025668386820597,-0.018594587717407678,2.3520340788260507e-17,2.3731880124105264e-18,8.777191631939864,12.991871617971249,61.338014116074916,72.38280019281511,32.51190853361276,Moderate Risk,50,0,Suburban (Low Density)
90902,Plänterwald,11118,3694,,0.0,6.152150537634409,23.165564516129038,249.48333333333332,21.062051971326166,18.696558144165667,0.3396306412679743,4.704998171119143,17.380263244114115,5.231016966650262,1.5979615460218408,99.09691600510595,,3776.0134696173386,5902.86995100468,0.0924834567148674,-0.6412165517500448,-0.013223479480540395,5.481680807162827e-16,7.522729010555166e-19,8.539846385966499,13.303563764684936,70.1946158874432,65.79382951668582,33.732565575623184,Moderate Risk,46,0,Suburban (Low Density)
90903,Baumschulenweg,18813,3903,,0.0,6.152150537634409,23.165564516129038,249.48333333333332,21.062051971326166,18.696558144165667,0.3396306412679743,4.727544190098024,18.451604973952588,8.893928884831412,1.6056188649056784,99.57178142858567,,6389.471254174401,6266.730429726863,0.0924834567148674,-0.5570066778990937,-0.024835416048528305,-5.7979526959364615e-16,5.371153505557636e-18,9.056973464953689,12.629708523500982,51.15341653382743,84.56943882923376,31.80113780145096,Moderate Risk,55,0,Suburban (Low Density)
90904,Johannisthal,20224,3092,,0.0,6.152150537634409,23.165564516129038,249.48333333333332,21.062051971326166,18.696558144165667,0.3396306412679743,4.640057006404854,14.347056263803807,9.384051289753176,1.575905536605238,97.72912181881514,,6868.690089003513,4872.699919183396,0.0924834567148674,-0.8824041311244216,0.0219063649089163,-2.917938430504161e-16,6.589787636050316e-18,7.058729947879665,15.342192689775075,56.01518139119498,89.52314954147104,33.738371433221054,Moderate Risk,45,0,Suburban (Low Density)
90905,Niederschöneweide,12946,3709,,0.0,6.152150537634409,23.165564516129038,249.48333333333332,21.062051971326166,18.696558144165667,0.3396306412679743,4.706616306452555,17.45683988063253,6.093185470333478,1.5985111143627861,99.13099725559492,,4396.858281855196,5928.877723171574,0.0924834567148674,-0.6351809412325312,-0.014066903548871502,3.5920391237501257e-16,2.83414540397572e-18,8.576910657578527,13.254618808289598,67.00470337912661,74.2565779833307,34.20523597450614,Moderate Risk,42,0,Suburban (Low Density)
90906,Alt-Hohenschönhausen,48842,5235,,0.0,6.152150537634409,23.165564516129038,249.48333333333332,21.062051971326166,18.696558144165667,0.3396306412679743,4.871234607705056,25.50091317133597,23.792084070953038,1.6544205335816176,102.59819647200652,,16588.239780810403,8660.891493299769,0.0924834567148674,-0.014563813481126396,-0.0917648142424518,-8.414274459179788e-16,-1.7610800534780644e-18,12.388078015595868,8.745711612374372,46.73679215915858,55.577126124772256,26.54302216705763,Low Risk,75,0,Suburban (Low Density)
90907,Adlershof,19753,3233,,0.0,6.152150537634409,23.165564516129038,249.48333333333332,21.062051971326166,18.696558144165667,0.3396306412679743,4.655267478538931,15.050479758116365,9.195549850357951,1.5810714790101232,98.04948557341149,,6708.724056966296,5111.604091639728,0.0924834567148674,-0.8260956308510004,0.013454203865042917,2.7424616528898334e-16,5.026201239384052e-18,7.404516598980495,14.85170318482493,65.57052788179803,83.16721834861768,35.17222132859156,Moderate Risk,33,0,Suburban (Low Density)
90908,Bohnsdorf,12310,1888,,0.0,6.152150537634409,23.165564516129038,249.48333333333332,21.062051971326166,18.696558144165667,0.3396306412679743,4.510174676976275,8.515209790131209,5.552025027357795,1.5317935177720312,94.99353344623351,,4180.853194008764,2892.026161553595,0.0924834567148674,-1.3586816871255212,0.09966183247383317,1.3257680716974088e-15,1.8849827677042766e-20,4.133942033365718,19.85443998311412,83.32131582993078,62.812487008472885,36.66269171621016,Moderate Risk,26,0,Suburban (Low Density)
90909,Oberschöneweide,23416,3789,,0.0,6.152150537634409,23.165564516129038,249.48333333333332,21.062051971326166,18.696558144165667,0.3396306412679743,4.715246361564089,17.866068463966336,11.041220880238471,1.6014421455144945,99.31276392486946,,7952.7910959308865,6067.864289354419,0.0924834567148674,-0.6029697062624749,-0.018538966161834397,-7.90543709708486e-16,7.206682369673107e-18,8.77471764966734,12.99509940659431,47.59576276733972,92.0308078892924,32.02348790426094,Moderate Risk,53,0,Suburban (Low Density)
90910,Kreuzberg,137741,3947,,0.0,6.152150537634409,23.165564516129038,249.48333333333332,21.062051971326166,18.696558144165667,0.3396306412679743,4.732290720409368,18.678351473455777,65.18304561199068,1.6072309320391176,99.67175309668664,,46781.06415889205,6343.740488758397,0.0924834567148674,-0.5392470666250073,-0.02724165950862669,5.2042742375553596e-17,-3.0953058228164005e-18,9.166034023794705,12.490071197921544,61.819502042538396,50.15353891288098,29.308536055375278,Low Risk,63,0,Suburban (Low Density)
90911,Friedrichshagen,18425,1316,,0.0,6.152150537634409,23.165564516129038,249.48333333333332,21.062051971326166,18.696558144165667,0.3396306412679743,4.448469782928811,5.854186234334316,8.196305575046335,1.5108366450373185,93.69390176092064,,6257.694565362427,1988.2610248691112,0.0924834567148674,-1.5821043371387928,0.14010410038313328,1.7130083793342212e-15,2.437758754525691e-19,2.7619188121287563,22.201355507194503,89.85833664132686,63.72680455829922,38.54061530512028,Moderate Risk,19,0,Suburban (Low Density)
90912,Rahnsdorf,10378,483,,0.0,6.152150537634409,23.165564516129038,249.48333333333332,21.062051971326166,18.696558144165667,0.3396306412679743,4.358609334079969,2.1052083083606252,4.523364766908193,1.4803172831701585,91.80125631709964,,3524.6867950790374,714.9932477711866,0.0924834567148674,-1.904191354007384,0.20303445901366665,1.1924430852826224e-15,6.3820374332554886e-18,0.7840044584300687,25.85328313739501,81.07065081989786,88.67865127960295,40.307182741714186,Moderate Risk,15,0,Suburban (Low Density)
90913,Grunewald,10576,1158,,0.0,6.152150537634409,23.165564516129038,249.48333333333332,21.062051971326166,18.696558144165667,0.3396306412679743,4.431425424083533,5.131590641088731,4.686675528510745,1.5050478585126952,93.33491258910347,,3591.9336620500962,1742.845420157701,0.0924834567148674,-1.6434955443904933,0.15167282192845838,1.3655847973153209e-15,-2.0630227097798033e-19,2.384919604912744,22.87270292641881,83.99346374137717,61.897250568689955,36.83585111397195,Moderate Risk,25,0,Suburban (Low Density)
90914,Müggelheim,6801,306,,0.0,6.152150537634409,23.165564516129038,249.48333333333332,21.062051971326166,18.696558144165667,0.3396306412679743,4.339515337145701,1.3278916931665845,2.951304380792791,1.4738323767470043,91.39909756132975,,2309.8279912634935,450.99270728458333,0.0924834567148674,-1.9721286981983024,0.217022480414573,2.0287185885419155e-15,5.312861217376964e-18,0.36680587174438073,26.66502556120222,95.18785468802906,84.33248244899136,43.24147448476705,Moderate Risk,6,0,Suburban (Low Density)
90915,Schmöckwitz,4439,260,,0.0,6.152150537634409,23.165564516129038,249.48333333333332,21.062051971326166,18.696558144165667,0.3396306412679743,4.33455305545657,1.1269837944187082,1.9241081013171712,1.4721470338347722,91.2945817264969,,1507.620416588538,382.7582287970408,0.0924834567148674,-1.9897559652768717,0.22069314728140618,1.7876404474201143e-15,3.053834734610994e-18,0.25855802956138674,26.878038962745837,91.1182038934017,75.14960843709963,40.86199728994831,Moderate Risk,12,0,Suburban (Low Density)
01001,Mitte,97425,4996,,0.0,6.152150537634409,23.165564516129038,249.48333333333332,21.062051971326166,18.696558144165667,0.3396306412679743,4.845452318059349,24.20787978102451,47.20681920869321,1.6456640780158895,102.05516854754886,,33088.5152255324,8221.737733767384,0.0924834567148674,-0.11262656986243043,-0.08065622476585817,2.3005483159807716e-16,-1.6181012501137227e-19,11.785881331930803,9.390356990613864,64.82453201741157,62.078109790149725,31.990497186704598,Moderate Risk,54,0,Suburban (Low Density)
01002,Biesdorf,28894,2330,,0.0,6.152150537634409,23.165564516129038,249.48333333333332,21.062051971326166,18.696558144165667,0.3396306412679743,4.557855731467497,10.619803854319269,13.169468350502186,1.5479874648852183,95.99779429397526,,9813.28774879685,3606.810793182559,0.0924834567148674,-1.1847800862247004,0.0699560042761729,1.1839688621714e-15,3.604125463103262e-18,5.201859877111801,18.130573519712314,80.92759708363643,77.38652352782906,38.19317213700067,Moderate Risk,21,0,Suburban (Low Density)
01003,Kaulsdorf,18910,2146,,0.0,6.152150537634409,23.165564516129038,249.48333333333332,21.062051971326166,18.696558144165667,0.3396306412679743,4.538006604710971,9.738562173709745,8.581370489508446,1.5412460932362901,95.57973095464388,,6422.415426377394,3307.5141160850785,0.0924834567148674,-1.2573066356377762,0.08215858364210493,-2.5136980595284735e-16,8.267943701018168e-18,4.75647929486099,18.83870450316646,56.6975813546701,96.34480295476936,35.00055966087589,Moderate Risk,35,0,Suburban (Low Density)
01004,Mahlsdorf,29531,2289,,0.0,6.152150537634409,23.165564516129038,249.48333333333332,21.062051971326166,18.696558144165667,0.3396306412679743,4.553432828222837,10.422807743802073,13.446742485024858,1.5464853114199681,95.90463887597208,,10029.63246728455,3539.9048778403067,0.0924834567148674,-1.2009573346791818,0.07265484607203317,3.7944722705572383e-16,7.082933224233844e-18,5.1025165001804575,18.28719069365386,67.34643167225555,91.52777137320133,36.92345207252071,Moderate Risk,24,0,Suburban (Low Density)
01005,Hellersdorf,83175,10269,,0.0,6.152150537634409,23.165564516129038,249.48333333333332,21.062051971326166,18.696558144165667,0.3396306412679743,5.414280825598298,55.599249798068925,45.03328076691384,1.8388556688028475,114.0358641361061,,28248.778587463763,18883.20886293644,0.0924834567148674,2.125345125228667,-0.23423766201276436,-1.4880598224964537e-15,-2.8520958608841745e-18,25.529112530529673,0.4778335858012083,35.82096232519284,51.142180018197315,25.681215366163492,Low Risk,77,2,Mixed Urban (Medium Density)
11101,Friedrichsfelde,55137,9935,,0.0,6.152150537634409,23.165564516129038,249.48333333333332,21.062051971326166,18.696558144165667,0.3396306412679743,5.378250345507647,53.432917182618475,29.65405893002551,1.8266186137444667,113.27698829188498,,18726.2146675923,18147.455927551277,0.0924834567148674,1.9789625821262111,-0.23019624545669712,-3.114935632066027e-15,2.2416027723292297e-18,24.63018733960405,0.7123620567559376,8.357599614801941,71.84791019010405,21.665242515266492,Low Risk,92,2,Mixed Urban (Medium Density)
11102,Karlshorst,27527,4171,,0.0,6.152150537634409,23.165564516129038,249.48333333333332,21.062051971326166,18.696558144165667,0.3396306412679743,4.756454874721661,19.83917328246405,13.093093333646316,1.6154378192639003,100.18069977065531,,9349.01266218353,6737.991144149728,0.0924834567148674,-0.44866615611377775,-0.039284681022626,-7.871885838439042e-17,3.8524763330702155e-18,9.722285203407925,11.79119955671125,59.61210965945798,78.3960622681,33.01303646545008,Moderate Risk,49,0,Suburban (Low Density)
11103,Lichtenberg,39622,5488,,0.0,6.152150537634409,23.165564516129038,249.48333333333332,21.062051971326166,18.696558144165667,0.3396306412679743,4.89852715699528,26.883117037590097,19.4089443014467,1.6636899195988941,103.17303356358721,,13456.84526831968,9130.33027875873,0.0924834567148674,0.08959226512893145,-0.10309501643122503,-1.478564142329756e-16,-5.4087746108705825e-18,13.027693374546685,8.088205770529965,58.44499551220051,40.749358584222925,27.305396789407396,Low Risk,70,0,Suburban (Low Density)
11104,Falkenberg,2891,945,,0.0,6.152150537634409,23.165564516129038,249.48333333333332,21.062051971326166,18.696558144165667,0.3396306412679743,4.408447902349074,4.165983267719875,1.2744822885691174,1.4972439880712725,92.85095883216003,,981.8721839057138,1414.8955687273524,0.0924834567148674,-1.7260355092851156,0.1675410419663983,1.820144318320398e-15,7.148320172923366e-18,1.8780473226764598,23.793555635027676,91.66690317995781,91.79356733284088,43.29146636660927,Moderate Risk,4,0,Suburban (Low Density)
11106,Malchow,663,431,,0.0,6.152150537634409,23.165564516129038,249.48333333333332,21.062051971326166,18.696558144165667,0.3396306412679743,4.352999798257472,1.8761429130489704,0.2886038866244704,1.4784121129215482,91.68310798207119,,225.17511516066696,637.1956206691873,0.0924834567148674,-1.9241685753290003,0.20712152711549023,1.803104210321646e-15,4.245649340721103e-18,0.661325707876266,26.090460824800065,91.37924836092293,79.99429859763339,41.598036083832454,Moderate Risk,9,0,Suburban (Low Density)
11107,Wartenberg,2635,381,,0.0,6.152150537634409,23.165564516129038,249.48333333333332,21.062051971326166,18.696558144165667,0.3396306412679743,4.347606013812764,1.6564378912626632,1.1455941846396633,1.4765802184517307,91.56950381377463,,894.9267397411123,562.5770632301094,0.0924834567148674,-1.9433631403698048,0.21106898125512133,1.4905854279956315e-15,4.499890951424311e-18,0.5434531960429195,26.319536538893868,86.10360493298369,81.02778302000696,40.45016143958546,Moderate Risk,13,0,Suburban (Low Density)
11109,Neu-Hohenschönhausen,55279,10713,,0.0,6.152150537634409,23.165564516129038,249.48333333333332,21.062051971326166,18.696558144165667,0.3396306412679743,5.462177631467309,58.51630896590928,30.194371728988138,1.8551228916948272,115.04466915057974,,18774.44221865235,19873.931538726683,0.0924834567148674,2.3209061615103974,-0.23841929425015956,-2.1085498314037748e-15,-6.692345770235842e-18,26.730039486376633,0.23516822301919257,25.346442959572702,35.53168082273116,21.080668739289468,Low Risk,94,2,Mixed Urban (Medium Density)
11110,Alt-Treptow,12472,5399,,0.0,6.152150537634409,23.165564516129038,249.48333333333332,21.062051971326166,18.696558144165667,0.3396306412679743,4.888926220683699,26.395312665471295,6.09746878243671,1.660429147442619,102.97081814401929,,4235.873357894176,8964.6569670427,0.0924834567148674,0.052911449107958995,-0.09915960916343053,-1.7689291005255566e-16,-3.3037015157378163e-18,12.802438990751197,8.316582389543505,57.954829138196295,49.30641675326154,28.4446690416871,Low Risk,68,0,Suburban (Low Density)
11111,Fennpfuhl,32389,15278,,0.0,6.152150537634409,23.165564516129038,249.48333333333332,21.062051971326166,18.696558144165667,0.3396306412679743,5.954630151269187,90.97483945109063,19.28645159694577,2.022374856789169,125.41672971605742,,11000.29684002842,30897.843062024924,0.0924834567148674,4.395695070410439,-0.20258781215920327,-3.6100234617237135e-15,-4.31091632588973e-18,39.47117634965643,2.314514063827871,0.0,45.21211915423041,21.17535811147128,Low Risk,93,2,Mixed Urban (Medium Density)
11112,Rummelsburg,25551,5653,,0.0,6.152150537634409,23.165564516129038,249.48333333333332,21.062051971326166,18.696558144165667,0.3396306412679743,4.916326645662818,27.791994527931912,12.561706212333066,1.669735171349292,103.54792731896592,,8677.902515038011,9439.012923637549,0.0924834567148674,0.15771355078892238,-0.11024652203366443,-2.6130449106422947e-16,-2.0970057437406056e-18,13.446021533220268,7.673194931954981,56.52987349459712,54.211598400961925,28.888614403409406,Low Risk,65,0,Suburban (Low Density)
21201,Reinickendorf,76495,7285,,0.0,6.152150537634409,23.165564516129038,249.48333333333332,21.062051971326166,18.696558144165667,0.3396306412679743,5.0923797699381,37.097986623999056,38.9541590501415,1.7295282068441364,107.25596737216625,,25980.045903793696,12599.612986859534,0.0924834567148674,0.8397189948641667,-0.1708716558107836,-2.544795538526392e-16,-5.9446274526539956e-18,17.63417034546324,4.155042390903948,56.6450855624237,38.5711330642696,27.157661568884485,Low Risk,72,0,Suburban (Low Density)
21202,Tegel,35474,1053,,0.0,6.152150537634409,23.165564516129038,249.48333333333332,21.062051971326166,18.696558144165667,0.3396306412679743,4.4200984767496445,4.654363696017375,15.679857336421689,1.5012008801260783,93.09634383568064,,12048.057368340122,1580.7645267727605,0.0924834567148674,-1.6842160595400784,0.15945609212666786,1.8550279929404282e-15,6.0644157693637606e-18,2.1348577049100204,23.324375856761307,92.25577603867627,87.38752886682187,42.750367500601186,Moderate Risk,7,0,Suburban (Low Density)
21203,Konradshöhe,5768,2622,,0.0,6.152150537634409,23.165564516129038,249.48333333333332,21.062051971326166,18.696558144165667,0.3396306412679743,4.589355432624594,12.033289944341686,2.647140213537866,1.5586857285889526,96.66124263682728,,1958.9895388336759,4086.873980360234,0.0924834567148674,-1.0692938389646327,0.051070181263436175,1.5016451225662205e-15,-1.9218313400108164e-18,5.911053027246375,17.034605526200412,86.29030412764354,54.92367702944676,36.138647527414236,Moderate Risk,29,0,Suburban (Low Density)
21204,Heiligensee,17506,1636,,0.0,6.152150537634409,23.165564516129038,249.48333333333332,21.062051971326166,18.696558144165667,0.3396306412679743,4.482990003374945,7.33417164552141,7.847922299908179,1.5225607696441508,94.42096843801875,,5945.574006037158,2490.909419137831,0.0924834567148674,-1.4573387785885583,0.11720106932015802,1.4710248307113205e-15,-1.2423009659684606e-18,3.528095578590676,20.87226389268019,85.7734016225091,57.68594735238881,36.54914193416238,Moderate Risk,27,0,Suburban (Low Density)
21205,Frohnau,16430,2106,,0.0,6.152150537634409,23.165564516129038,249.48333333333332,21.062051971326166,18.696558144165667,0.3396306412679743,4.533691577155204,9.54795446148886,7.448855261266,1.5397805776604356,95.4888476200066,,5580.131436032818,3242.777896552878,0.0924834567148674,-1.2730481508406584,0.08484220562895806,1.3657746911067277e-15,-2.8131260168108644e-18,4.659811726042315,18.994438452504667,83.9966693468937,51.30059125025605,35.07379974150281,Moderate Risk,34,0,Suburban (Low Density)
21206,Hermsdorf,16429,2693,,0.0,6.152150537634409,23.165564516129038,249.48333333333332,21.062051971326166,18.696558144165667,0.3396306412679743,4.597014606536081,12.379760335401665,7.552435297078127,1.5612870187360937,96.82256055580844,,5579.79180539155,4204.5459414563,0.0924834567148674,-1.041141005213188,0.04656692638510738,7.567587292268281e-16,-1.4850598218756145e-18,6.083937654871691,16.773275998228762,73.71584387813807,56.69913997935754,33.25652914520043,Moderate Risk,48,0,Suburban (Low Density)
21207,Waidmannslust,10506,4568,,0.0,6.152150537634409,23.165564516129038,249.48333333333332,21.062051971326166,18.696558144165667,0.3396306412679743,4.799281523212645,21.923117998035362,5.042125168287205,1.6299830613542514,101.08271686693014,,3568.159517161338,7445.76262426622,0.0924834567148674,-0.2874363189330024,-0.05977891193636087,4.2648602222036753e-16,2.7183459688145846e-18,10.712386612352534,10.60189363565355,68.14049566009501,73.78585679796818,34.502811157955755,Moderate Risk,39,0,Suburban (Low Density)
21208,Lübars,4885,977,,0.0,6.152150537634409,23.165564516129038,249.48333333333332,21.062051971326166,18.696558144165667,0.3396306412679743,4.411899924393688,4.310426226132633,2.1552131130663166,1.4984164005319556,92.92366549986984,,1659.0956825940546,1463.9528233197207,0.0924834567148674,-1.713651381119707,0.165137117566008,2.0465926167210424e-15,-7.446078958927088e-19,1.954097407198804,23.654052887391355,95.48958695062197,59.70905455983569,39.42620223599827,Moderate Risk,17,0,Suburban (Low Density)
21209,Wittenau,23435,3972,,0.0,6.152150537634409,23.165564516129038,249.48333333333332,21.062051971326166,18.696558144165667,0.3396306412679743,4.734987612631722,18.8073707973732,11.09644347020244,1.6081468792740263,99.72855518083493,,7959.244078114978,6387.559404476433,0.0924834567148674,-0.5291515410902757,-0.02860289678997304,2.577150481272013e-16,-2.8224760303462576e-18,9.228029956003992,12.411076891402594,65.29146535966113,51.26258372933498,30.344833606767573,Moderate Risk,59,0,Suburban (Low Density)
21210,Marzahn,109498,34218,,0.0,6.152150537634409,23.165564516129038,249.48333333333332,21.062051971326166,18.696558144165667,0.3396306412679743,7.9977956989247305,273.6685732258064,87.57426334408602,2.716296481956053,168.44998866680154,,37188.87595756065,92946.23301957223,0.0924834567148674,14.252314093194531,1.48073762181817,2.0909368722647895e-15,-1.1470002669054498e-17,100.0,100.0,96.23816429558994,16.11065069820646,86.47613867862846,High Risk,1,1,Urban Core (High Density)
21211,Borsigwalde,6676,3338,,0.0,6.152150537634409,23.165564516129038,249.48333333333332,21.062051971326166,18.696558144165667,0.3396306412679743,4.666594425872819,15.57709219356347,3.1154184387126937,1.5849184573967399,98.2880543268343,,2267.3741611049963,5290.457810790317,0.0924834567148674,-0.7840913354736975,0.007249083801413032,9.01996800914449e-16,-5.988778436433689e-19,7.662462105606312,14.4916122858977,76.1676142091323,60.301442794219525,34.39188477985264,Moderate Risk,40,0,Suburban (Low Density)
